040037471,"БАЙКОНУРСКИЙ ФИЛИАЛ АБ ""РОССИЯ""",Байконур,30101810000370000000
040173604,АЛТАЙСКОЕ ОТДЕЛЕНИЕ N8644 ПАО СБЕРБАНК,Барнаул,30101810200000000000
040173733,"АЛТАЙСКИЙ РФ АО ""РОССЕЛЬХОЗБАНК""",Барнаул,30101810100000000000
040173745,"""СИБСОЦБАНК"" ООО",Барнаул,30101810800000000000
040173749,"КУ ООО ""КБ ""ТАЛЬМЕНКА-БАНК"" - ГК ""АСВ""",Москва,30101810000000000000
040173754,"КУ АО ""ЗЕРНОБАНК""- ГК ""АСВ""",Москва,30101810600000000000
040173771,"ООО КБ ""АЛТАЙКАПИТАЛБАНК""",Барнаул,30101810900000000000
040349521,"ФИЛИАЛ БАНКА ""ВБРР"" (АО) В Г. КРАСНОДАРЕ",Краснодар,30101810100000000000
040349536,"КРАСНОДАРСКИЙ РФ АО ""РОССЕЛЬХОЗБАНК""",Краснодар,30101810700000000000
040349542,КРАСНОДАРСКИЙ ФИЛИАЛ БАНКА СОЮЗ (АО),Краснодар,30101810600000000000
040349548,КРАСНОДАРСКИЙ ФИЛИАЛ АО ЮНИКРЕДИТ БАНКА,Краснодар,30101810400000000000
040349550,"ФИЛИАЛ N8 ПАО КБ ""ЦЕНТР-ИНВЕСТ""",Краснодар,30101810100000000000
040349556,"ЮЖНЫЙ ФИЛИАЛ АО ""РАЙФФАЙЗЕНБАНК""",Краснодар,30101810900000000000
040349569,"КУ АКБ ""КРЫЛОВСКИЙ"" (АО) - ГК ""АСВ""",Москва,30101810900000000000
040349602,КРАСНОДАРСКОЕ ОТДЕЛЕНИЕ N8619 ПАО СБЕРБАНК,Краснодар,30101810100000000000
040349700,"ФИЛИАЛ ""ЮЖНЫЙ"" ПАО ""БАНК УРАЛСИБ""",Краснодар,30101810400000000000
040349715,"КУ БАНК ""ПЕРВОМАЙСКИЙ"" (ПАО) - ГК ""АСВ""",Москва,30101810000000000000
040349718,"АО ""КУБАНЬТОРГБАНК""",Краснодар,30101810900000000000
040349722,"КБ ""КУБАНЬ КРЕДИТ"" ООО",Краснодар,30101810200000000000
040349744,КРАСНОДАРСКИЙ ФИЛИАЛ ПАО РОСБАНК,Краснодар,30101810403490000000
040349745,"КУ КБ""КУБАНСКИЙ УНИВЕРСАЛЬНЫЙ БАНК""ООО-ГК АСВ",Москва,30101810300000000000
040349758,ФИЛИАЛ № 2351 БАНКА ВТБ (ПАО),Краснодар,30101810703490000000
040349772,"КУ ПАО ""ИДЕЯ БАНК"" - ГК АСВ",Москва,30101810700000000000
040349781,"Ф-Л БАНКА ГПБ (АО) ""ЮЖНЫЙ""",Краснодар,30101810500000000000
040349788,"КРАСНОДАРСКИЙ ФИЛИАЛ АБ ""РОССИЯ""",Краснодар,30101810003490000000
040349789,"ООО КБ ""ГТ БАНК""",Краснодар,30101810303490000000
040349808,"КУ ООО КБ ""НОВОПОКРОВСКИЙ"" - ГК ""АСВ""",Москва,30101810700000000000
040349815,"КРАСНОДАРСКИЙ ФИЛИАЛ ПАО ""РОСДОРБАНК""",Краснодар,30101810900000000000
040349830,"ЛИКВИДАТОР ООО ""ЮМК БАНК""",Краснодар,30101810600000000000
040349838,"КРФ АО ""СМП БАНК""",Краснодар,30101810000000000000
040349909,"ООО КБ ""ВНЕШФИНБАНК""",Краснодар,30101810900000000000
040349966,ЮГ-ИНВЕСТБАНК (ПАО),Краснодар,30101810600000000000
040396050,"ФИЛИАЛ ""СИРИУС"" АО ""АБ ""РОССИЯ""",Сириус,30101810145370400000
040396055,НАЦИОНАЛЬНЫЙ БАНК РЕСПУБЛИКИ АБХАЗИЯ,Сухум,30111810000000000000
040407388,СИБИРСКИЙ ФИЛИАЛ ПАО РОСБАНК,Красноярск,30101810000000000000
040407427,"КУ КБ ""КАНСКИЙ"" ООО - ГК ""АСВ""",Москва,30101810904070000000
040407523,"АО АИКБ ""ЕНИСЕЙСКИЙ ОБЪЕДИНЕННЫЙ БАНК""",Красноярск,30101810650040000000
040407592,"СФ АО АКБ ""МЕЖДУНАРОДНЫЙ ФИНАНСОВЫЙ КЛУБ""",Красноярск,30101810100000000000
040407627,КРАСНОЯРСКОЕ ОТДЕЛЕНИЕ N 8646 ПАО СБЕРБАНК,Красноярск,30101810800000000000
040407686,Ликвидатор НКО Красноярский Краевой Расчетный Центр (ООО),Москва,30103810700000000000
040407699,"СИБИРСКИЙ ФИЛИАЛ ПАО КБ ""ВОСТОЧНЫЙ""",Красноярск,30101810100000000000
040407702,"КРАСНОЯРСКИЙ ФИЛИАЛ АКБ ""ЛАНТА-БАНК"" (АО)",Красноярск,30101810000000000000
040407777,ФИЛИАЛ БАНКА ВТБ (ПАО) В Г.КРАСНОЯРСКЕ,Красноярск,30101810200000000000
040407795,"КУ АКБ ""ЕНИСЕЙ"" (ПАО) - ГК ""АСВ""",Москва,30101810800000000000
040407853,"КРАСН.Ф-Л АО АИКБ ""ЕНИСЕЙСК.ОБЪЕД.БАНК""",Красноярск,30101810700000000000
040407862,"ФИЛИАЛ ""СДМ-БАНК"" (ПАО) В Г.КРАСНОЯРСКЕ",Красноярск,30101810500000000000
040407877,"Ф-Л БАНКА ГПБ (АО) ""ВОСТОЧНО-СИБИРСКИЙ""",Красноярск,30101810100000000000
040407915,КРАСНОЯРСКИЙ ФИЛИАЛ БАНКА СОЮЗ (АО),Красноярск,30101810800000000000
040407923,"КРАСНОЯРСКИЙ РФ АО ""РОССЕЛЬХОЗБАНК""",Красноярск,30101810300000000000
040507595,"АО ""Солид Банк""",Владивосток,30101810205070000000
040507705,"АО ""Дальневосточный банк""",Владивосток,30101810900000000000
040507707,"НКО ""РКЦ ДВ"" (АО)",Владивосток,30103810305070000000
040507717,"ООО ""Примтеркомбанк""",Владивосток,30101810600000000000
040507750,"АО ""Роял Кредит Банк""",Владивосток,30101810105070000000
040507795,"ПАО АКБ ""Приморье""",Владивосток,30101810800000000000
040507803,"ПАО СКБ Приморья ""Примсоцбанк""",Владивосток,30101810200000000000
040507840,"АО КБ ""САММИТ БАНК""",Владивосток,30101810905070000000
040507861,"ПРИМОРСКИЙ РФ АО ""РОССЕЛЬХОЗБАНК""",Владивосток,30101810200000000000
040507867,"ФИЛИАЛ ББР БАНКА (АО), Г. ВЛАДИВОСТОК",Владивосток,30101810000000000000
040507871,ДАЛЬНЕВОСТОЧНЫЙ ФИЛИАЛ ПАО РОСБАНК,Владивосток,30101810300000000000
040507879,ФИЛИАЛ МОРСКОГО БАНКА (АО) В Г. ВЛАДИВОСТОК,Владивосток,30101810905070000000
040507883,"ДАЛЬНЕВОСТОЧНЫЙ ФИЛИАЛ АО ""БАНК ИНТЕЗА""",Владивосток,30101810205070000000
040507886,"Ф-Л БАНКА ГПБ (АО) ""ДАЛЬНЕВОСТОЧНЫЙ""",Владивосток,30101810105070000000
040507900,"ПРИМОРСКИЙ ФИЛИАЛ АКБ ""БЭНК ОФ ЧАЙНА"" (АО)",Владивосток,30101810405070000000
040702615,СТАВРОПОЛЬСКОЕ ОТДЕЛЕНИЕ N5230 ПАО СБЕРБАНК,Ставрополь,30101810907020000000
040702701,"СТАВРОПОЛЬСКИЙ РФ АО ""РОССЕЛЬХОЗБАНК""",Ставрополь,30101810200000000000
040702703,"ФИЛИАЛ СКРУ АО ""МИНБАНК""",Ставрополь,30101810800000000000
040702734,"ФИЛИАЛ №4 ПАО КБ ""ЦЕНТР-ИНВЕСТ""",Ставрополь,30101810400000000000
040702748,"СЕВЕРО-КАВКАЗСКИЙ ФИЛИАЛ ПАО КБ ""ВОСТОЧНЫЙ""",Ставрополь,30101810007020000000
040702750,СТАВРОПОЛЬСКИЙ ФИЛИАЛ АО ЮНИКРЕДИТ БАНКА,Ставрополь,30101810400000000000
040702752,"ФИЛИАЛ ""СТАВРОПОЛЬСКИЙ"" АО ""АЛЬФА-БАНК""",Ставрополь,30101810000000000000
040702754,"Ф-Л БАНКА ГПБ (АО) ""СЕВЕРО-КАВКАЗСКИЙ""",Ставрополь,30101810600000000000
040702760,ПАО СТАВРОПОЛЬПРОМСТРОЙБАНК,Ставрополь,30101810500000000000
040702763,"ФИЛИАЛ ПАО ""БАНК УРАЛСИБ"" В Г. СТАВРОПОЛЬ",Ставрополь,30101810400000000000
040702773,"СТАВРОПОЛЬСКИЙ Ф-Л ПАО ""ПРОМСВЯЗЬБАНК""",Ставрополь,30101810500000000000
040702788,ФИЛИАЛ БАНКА ВТБ (ПАО) В Г. СТАВРОПОЛЕ,Ставрополь,30101810100000000000
040702793,"ФИЛИАЛ АКБ ""ФОРА-БАНК"" (АО) В Г. СТАВРОПОЛЬ",Ставрополь,30101810007020000000
040708744,"КБ ""КОНТИНЕНТАЛЬ""ООО",Иноземцево,30101810900000000000
040715725,"ООО ""РУСБС""",Ессентукская,30101810107150000000
040813608,ДАЛЬНЕВОСТОЧНЫЙ БАНК ПАО СБЕРБАНК,Хабаровск,30101810600000000000
040813700,"КУ Банк ""Уссури"" (АО) - ГК ""АСВ""",Москва,30101810100000000000
040813704,"Ф-Л ДАЛЬНЕВОСТОЧНЫЙ ПАО БАНКА ""ФК ОТКРЫТИЕ""",Хабаровск,30101810908130000000
040813713,ФИЛИАЛ № 2754 БАНКА ВТБ (ПАО),Хабаровск,30101810708130000000
040813727,ФИЛИАЛ БАНКА ВТБ (ПАО) В Г. ХАБАРОВСКЕ,Хабаровск,30101810400000000000
040813733,"ХАБАРОВСКИЙ РФ АО ""РОССЕЛЬХОЗБАНК""",Хабаровск,30101810300000000000
040813744,"ДАЛЬНЕВОСТОЧНЫЙ Ф-Л ПАО ""ПРОМСВЯЗЬБАНК""",Хабаровск,30101810700000000000
040813757,"ФИЛИАЛ ""ДАЛЬНЕВОСТОЧНЫЙ"" АО ""ОТП БАНК""",Хабаровск,30101810700000000000
040813770,"ФИЛИАЛ ""ХАБАРОВСКИЙ"" АО ""АЛЬФА-БАНК""",Хабаровск,30101810800000000000
040813864,"ХАБАРОВСКИЙ ФИЛИАЛ АКБ ""БЭНК ОФ ЧАЙНА""(АО)",Хабаровск,30101810800000000000
040813886,"ДАЛЬНЕВОСТОЧНЫЙ ФИЛИАЛ ПАО КБ ""ВОСТОЧНЫЙ""",Хабаровск,30101810600000000000
041012050,"Филиал ""Дальневосточный"" АО КБ ""Солидарность""",Благовещенск,30101810610120000000
041012051,"Филиал ООО КБ ""РостФинанс"" в Благовещенске",Благовещенск,30101810045371000000
041012718,"ПАО КБ ""ВОСТОЧНЫЙ""",Благовещенск,30101810700000000000
041012731,"АМУРСКИЙ РФ АО ""РОССЕЛЬХОЗБАНК""",Благовещенск,30101810800000000000
041012764,"АМУРСКИЙ ФИЛИАЛ ООО ""КРОНА-БАНК""",Благовещенск,30101810000000000000
041012765,"""Азиатско-Тихоокеанский Банк"" (АО)",Благовещенск,30101810300000000000
041117309,"КУ ЗАО ""СЕВЕРНАЯ КЛИРИНГОВАЯ ПАЛАТА""",Москва,30103810400000000000
041117601,АРХАНГЕЛЬСКОЕ ОТДЕЛЕНИЕ N 8637 ПАО СБЕРБАНК,Архангельск,30101810100000000000
041117772,"АРХАНГЕЛЬСКИЙ РФ АО ""РОССЕЛЬХОЗБАНК""",Архангельск,30101810000000000000
041203602,АСТРАХАНСКОЕ ОТДЕЛЕНИЕ N8625 ПАО СБЕРБАНК,Астрахань,30101810500000000000
041203711,"Ликвидатор АО Банк ""ККБ"" - ГК ""АСВ""",Москва,30101810200000000000
041203712,"ФИЛИАЛ В Г.АСТРАХАНИ АО ""МБ БАНК""",Астрахань,30101810500000000000
041203715,АО ЕАТПБАНК,Астрахань,30101810400000000000
041203726,"КУ ПАО АГРОИНКОМБАНК-ГК ""АСВ""",Москва,30101810800000000000
041403633,БЕЛГОРОДСКОЕ ОТДЕЛЕНИЕ N8592 ПАО СБЕРБАНК,Белгород,30101810100000000000
041403701,"АО УКБ ""БЕЛГОРОДСОЦБАНК""",Белгород,30101810100000000000
041403740,"БЕЛГОРОДСКИЙ РФ АО ""РОССЕЛЬХОЗБАНК""",Белгород,30101810200000000000
041403838,"БЕЛГОРОДСКИЙ Ф-Л ПАО АКБ ""МЕТАЛЛИНВЕСТБАНК""",Белгород,30101810014030000000
041501601,БРЯНСКОЕ ОТДЕЛЕНИЕ N8605 ПАО СБЕРБАНК,Брянск,30101810400000000000
041501747,"БРЯНСКИЙ РФ АО ""РОССЕЛЬХОЗБАНК""",Брянск,30101810500000000000
041708602,ВЛАДИМИРСКОЕ ОТДЕЛЕНИЕ №8611 ПАО СБЕРБАНК,Владимир,30101810000000000000
041708706,"АО ""ВЛАДБИЗНЕСБАНК""",Владимир,30101810100000000000
041708708,"КУ ООО ""ВЛАДПРОМБАНК"" - ГК ""АСВ""",Москва,30101810700000000000
041708772,"ВЛАДИМИРСКИЙ РФ АО ""РОССЕЛЬХОЗБАНК""",Владимир,30101810600000000000
041806647,ВОЛГОГРАДСКОЕ ОТДЕЛЕНИЕ №8621 ПАО СБЕРБАНК,Волгоград,30101810100000000000
041806701,ВОЛГОГРАДСКИЙ ФИЛИАЛ АО ЮНИКРЕДИТ БАНКА,Волгоград,30101810800000000000
041806715,"ЮЖНЫЙ Ф-Л ПАО ""ПРОМСВЯЗЬБАНК""",Волгоград,30101810100000000000
041806745,"Урюпинский филиал ПАО КБ ""Сельмашбанк""",Урюпинск,30101810518060000000
041806831,АО НОКССБАНК,Волгоград,30101810000000000000
041806863,"ВОЛГОГРАДСКИЙ РФ АО ""РОССЕЛЬХОЗБАНК""",Волгоград,30101810900000000000
041806870,"ФИЛИАЛ № 9 ПАО КБ ""ЦЕНТР-ИНВЕСТ""",Волгоград,30101810100000000000
041806898,"ВОЛГОГРАДСКИЙ ФИЛИАЛ АО КБ ""СИТИБАНК""",Волгоград,30101810700000000000
041909644,ВОЛОГОДСКОЕ ОТДЕЛЕНИЕ N8638 ПАО СБЕРБАНК,Вологда,30101810900000000000
041909707,"""СЕВЕРСТРОЙБАНК"" АО",Вологда,30101810300000000000
041909717,"КУ АО ""ВОЛОГДАБАНК"" - ГК ""АСВ""",Москва,30101810400000000000
041909760,"АО ""БАНК ""ВОЛОГЖАНИН""",Вологда,30101810800000000000
041909769,"КУ АО КБ ""СЕВЕРНЫЙ КРЕДИТ"" - ГК ""АСВ""",Москва,30101810500000000000
041909772,"КУ АО ""ПРОМЭНЕРГОБАНК"" - ГК ""АСВ""",Москва,30101810500000000000
041909786,"АО ""БАНК СГБ""",Вологда,30101810800000000000
041946748,"КУ АО КОМСОЦБАНК ""БУМЕРАНГ""-ГК ""АСВ""",Москва,30101810500000000000
042007677,"ВОРОНЕЖСКИЙ ФИЛИАЛ АБ ""РОССИЯ""",Воронеж,30101810300000000000
042007681,ЦЕНТРАЛЬНО-ЧЕРНОЗЕМНЫЙ БАНК ПАО СБЕРБАНК,Воронеж,30101810600000000000
042007707,"КУ АО ""БАНК ВОРОНЕЖ"" - ГК ""АСВ""",Москва,30101810500000000000
042007709,ВОРОНЕЖСКИЙ ФИЛИАЛ АО ЮНИКРЕДИТ БАНКА,Воронеж,30101810100000000000
042007778,"ФИЛИАЛ ""СДМ-БАНК"" (ПАО) В Г.ВОРОНЕЖЕ",Воронеж,30101810500000000000
042007800,"Ф-Л БАНКА ГПБ (АО) ""ЦЕНТРАЛЬНО-ЧЕРНОЗЕМНЫЙ""",Воронеж,30101810220070000000
042007811,"ВОРОНЕЖСКИЙ РФ АО ""РОССЕЛЬХОЗБАНК""",Воронеж,30101810700000000000
042007835,ФИЛИАЛ БАНКА ВТБ (ПАО) В Г. ВОРОНЕЖЕ,Воронеж,30101810100000000000
042007855,ФИЛИАЛ № 3652 БАНКА ВТБ (ПАО),Воронеж,30101810545250000000
042157106,"Донецкий ф-л ПАО ""Промсвязьбанк""",Донецк,30101810745372200000
042157115,"ООО ""ПСБ Донецк""",Донецк,30111810645372200000
042202603,ВОЛГО-ВЯТСКИЙ БАНК ПАО СБЕРБАНК,Нижний Новгород,30101810900000000000
042202705,"ПАО ""НБД-Банк""",Нижний Новгород,30101810400000000000
042202714,"ПРИВОЛЖСКИЙ ФИЛИАЛ ПАО КБ ""ВОСТОЧНЫЙ""",Нижний Новгород,30101810222020000000
042202717,"ФИЛИАЛ №10 ПАО КБ ""ЦЕНТР-ИНВЕСТ""",Нижний Новгород,30101810122020000000
042202718,"АО ""САРОВБИЗНЕСБАНК""",Саров,30101810422020000000
042202720,"КУ АО ""ФОРУС БАНК"" - ГК ""АСВ""",Москва,30101810100000000000
042202727,"ПАО КОМБАНК ""ХИМИК""",Дзержинск,30101810222020000000
042202731,"АО КОМБАНК ""АРЗАМАС""",Арзамас,30101810522020000000
042202733,"ГК ""АСВ"" - КУ БАНК ""БОГОРОДСКИЙ"" (ООО)",Москва,30101810122020000000
042202745,"Филиал ""СДМ-Банк"" (ПАО) в г. Нижний Новгород",Нижний Новгород,30101810800000000000
042202747,ПРИВОЛЖСКИЙ ФИЛИАЛ ПАО РОСБАНК,Нижний Новгород,30101810400000000000
042202764,"Ф-л Банка ГПБ (АО) ""Приволжский""",Нижний Новгород,30101810700000000000
042202773,"КУ ПАО НКБ ""РАДИОТЕХБАНК"" - ГК ""АСВ""",Москва,30101810522020000000
042202799,НИЖЕГОРОДСКИЙ ФИЛИАЛ АО ЮНИКРЕДИТ БАНКА,Нижний Новгород,30101810500000000000
042202803,"Приволжский ф-л ПАО ""Промсвязьбанк""",Нижний Новгород,30101810700000000000
042202806,Филиал № 6 АО МОСОБЛБАНК,Нижний Новгород,30101810600000000000
042202807,НИЖЕГОРОДСКИЙ ФИЛИАЛ БАНКА СОЮЗ (АО),Нижний Новгород,30101810922020000000
042202812,"ВЫКСУНСКИЙ Ф-Л ПАО АКБ ""МЕТАЛЛИНВЕСТБАНК""",Выкса,30101810522020000000
042202824,"ФИЛИАЛ ""НИЖЕГОРОДСКИЙ"" АО ""АЛЬФА-БАНК""",Нижний Новгород,30101810200000000000
042202837,Филиал Банка ВТБ (ПАО) в г. Нижнем Новгороде,Нижний Новгород,30101810200000000000
042202841,"ПРИВОЛЖСКИЙ ФИЛИАЛ АО ""БАНК ИНТЕЗА""",Нижний Новгород,30101810500000000000
042202846,"НИЖЕГОРОДСКИЙ РФ АО ""РОССЕЛЬХОЗБАНК""",Нижний Новгород,30101810000000000000
042202847,"Поволжский филиал АО ""Райффайзенбанк""",Нижний Новгород,30101810300000000000
042202863,"ФИЛИАЛ АО АКБ ""НОВИКОМБАНК"" В Г.Н.НОВГОРОДЕ",Нижний Новгород,30101810300000000000
042202873,"ПРИВОЛЖСКИЙ ФИЛИАЛ АО КБ ""СИТИБАНК""",Нижний Новгород,30101810400000000000
042202876,"НИЖЕГОРОДСКИЙ ФИЛИАЛ АБ ""РОССИЯ""",Нижний Новгород,30101810300000000000
042202886,"НИЖЕГОРОДСКИЙ Ф-Л ПАО АКБ ""МЕТАЛЛИНВЕСТБАНК""",Нижний Новгород,30101810400000000000
042202891,"ФИЛИАЛ АКБ ""СЛАВИЯ"" (АО) В Г. НИЖНИЙ НОВГОРОД",Нижний Новгород,30101810000000000000
042282751,"КУ АО КБ ""Ассоциация"" - ГК ""АСВ""",Москва,30101810100000000000
042282881,"Ф-л Приволжский ПАО Банк ""ФК Открытие""",Нижний Новгород,30101810300000000000
042406608,ИВАНОВСКОЕ ОТДЕЛЕНИЕ N 8639 ПАО СБЕРБАНК,Иваново,30101810000000000000
042406701,"АО КИБ ""ЕВРОАЛЬЯНС""",Иваново,30101810800000000000
042406705,"КУ АО КБ ""ИВАНОВО"" - ГК ""АСВ""",Москва,30101810000000000000
042406707,"КУ АКБ ""АКЦИЯ"" ОАО - ГК ""АСВ""",Москва,30101810600000000000
042406718,АО БАНК НБС,Иваново,30101810000000000000
042406738,"КУ АО ""Кранбанк"" - ГК ""АСВ""",Москва,30101810200000000000
042406780,"ИВАНОВСКИЙ РФ АО ""РОССЕЛЬХОЗБАНК""",Иваново,30101810300000000000
042406807,"РНКО ""ИНЭКО"" (ООО)",Иваново,30103810124060000000
042520607,БАЙКАЛЬСКИЙ БАНК ПАО СБЕРБАНК,Иркутск,30101810900000000000
042520700,"ИРКУТСКИЙ РФ АО ""РОССЕЛЬХОЗБАНК""",Иркутск,30101810700000000000
042520728,ИРКУТСКИЙ ФИЛИАЛ БАНКА СОЮЗ (АО),Иркутск,30101810300000000000
042520764,"КОНКУРСНЫЙ УПРАВЛЯЮЩИЙ ""ВЛБАНК"" (АО)-ГК ""АСВ""",Москва,30101810450040000000
042520767,"АНГАРСКИЙ ФИЛИАЛ АО ""ИТ БАНК""",Ангарск,30101810350040000000
042520777,"ФИЛИАЛ ""ИРКУТСКИЙ"" АО КБ ""СОЛИДАРНОСТЬ""",Иркутск,30101810750042500000
042520780,"Филиал ""Сибирский"" АО ""РЕАЛИСТ БАНК""",Иркутск,30101810750042500000
042520811,"Конкурсный управляющий АО ""ГринКомБанк"" - ГК ""АСВ""",Москва,30101810950040000000
042520840,"ООО ""КРОНА-БАНК""",Иркутск,30101810000000000000
042520842,"""Братский АНКБ"" АО",Братск,30101810850042500000
042520849,"КУ АО ""ВостСибтранскомбанк"" - ГК ""АСВ""",Москва,30101810700000000000
042520872,"КБ ""Байкалкредобанк"" (АО)",Иркутск,30101810900000000000
042618783,"ИНГУШСКИЙ РФ АО ""РОССЕЛЬХОЗБАНК""",Назрань,30101810300000000000
042748634,КАЛИНИНГРАДСКОЕ ОТДЕЛЕНИЕ N8626 ПАО СБЕРБАНК,Калининград,30101810100000000000
042748701,"КБ ""ЭНЕРГОТРАНСБАНК"" (АО)",Калининград,30101810800000000000
042748801,"ФКБ ""МОСКОММЕРЦБАНК"" (АО) Г.КАЛИНИНГРАД",Калининград,30101810700000000000
042748866,Ф-Л БАНКА ГПБ (АО) В Г. КАЛИНИНГРАДЕ,Калининград,30101810800000000000
042748877,"Ф-Л ""ЕВРОПЕЙСКИЙ"" ПАО ""БАНК ""САНКТ-ПЕТЕРБУРГ""",Калининград,30101810927480000000
042748878,"КАЛИНИНГРАДСКИЙ РФ АО ""РОССЕЛЬХОЗБАНК""",Калининград,30101810500000000000
042809679,ТВЕРСКОЕ ОТДЕЛЕНИЕ N8607 ПАО СБЕРБАНК,Тверь,30101810700000000000
042809795,"ТВЕРСКОЙ РФ АО ""РОССЕЛЬХОЗБАНК""",Тверь,30101810600000000000
042809903,"филиал ""ОРБИТА"" АО ""Банк ""Торжок""",Тверь,30101810900000000000
042809953,"АО ""Банк ""Торжок""",Торжок,30101810928090000000
042809992,"ООО КБ ""ГЕФЕСТ""",Кимры,30101810028090000000
042908612,КАЛУЖСКОЕ ОТДЕЛЕНИЕ N8608 ПАО СБЕРБАНК,Калуга,30101810100000000000
042908701,"АО ""ГАЗЭНЕРГОБАНК""",Калуга,30101810600000000000
042908748,"ООО КБ ""КАЛУГА""",Калуга,30101810100000000000
042908762,"ООО банк ""Элита""",Калуга,30101810500000000000
042908770,"ФИЛИАЛ АКБ ""ФОРА-БАНК"" (АО) В Г.КАЛУГА",Калуга,30101810000000000000
042908780,"КАЛУЖСКИЙ РФ АО ""РОССЕЛЬХОЗБАНК""",Калуга,30101810100000000000
043002717,"""Муниципальный Камчатпрофитбанк"" (АО)",Петропавловск-Камчатский,30101810100000000000
043002801,"Камчатский РФ АО ""Россельхозбанк""",Петропавловск-Камчатский,30101810100000000000
043207612,КЕМЕРОВСКОЕ ОТДЕЛЕНИЕ N8615 ПАО СБЕРБАНК,Кемерово,30101810200000000000
043207707,"КУЗБАССКИЙ ФИЛИАЛ АО ""УГЛЕМЕТБАНК""",Кемерово,30101810500000000000
043207720,"КУ АО ""Кемсоцинбанк"" - ГК ""АСВ""",Москва,30101810600000000000
043207748,Ф-Л БАНКА ГПБ (АО) В Г.КЕМЕРОВО,Кемерово,30101810200000000000
043207757,Филиал №11 АО МОСОБЛБАНК,Кемерово,30101810000000000000
043207776,"КОНКУРСНЫЙ УПРАВЛЯЮЩИЙ ООО ""БАНК РБ""-ГК ""АСВ""",Кемерово,30101810900000000000
043207777,"ООО НКО ""Тайдон""",Кемерово,30124810445373200000
043207782,"КЕМЕРОВСКИЙ РФ АО ""РОССЕЛЬХОЗБАНК""",Кемерово,30101810800000000000
043207793,"АКБ ""КУЗБАССХИМБАНК"" (ПАО)",Кемерово,30101810200000000000
043209705,"КОНКУРСНЫЙ УПРАВЛЯЮЩИЙ ""АКБ НМБ ОАО""-ГК ""АСВ""",Новокузнецк,30101810700000000000
043209706,"""БСТ-БАНК"" АО",Новокузнецк,30101810000000000000
043209740,"АО ""КУЗНЕЦКБИЗНЕСБАНК""",Новокузнецк,30101810600000000000
043209770,"ООО ""НОВОКИБ""",Новокузнецк,30101810900000000000
043304609,КИРОВСКОЕ ОТДЕЛЕНИЕ N8612 ПАО СБЕРБАНК,Киров,30101810500000000000
043304705,ФИЛИАЛ БАНКА ВТБ (ПАО) В Г. КИРОВЕ,Киров,30101810200000000000
043304711,"АО КБ ""ХЛЫНОВ""",Киров,30101810100000000000
043304757,"АО ""ПЕРВЫЙ ДОРТРАНСБАНК""",Киров,30101810300000000000
043304787,"КИРОВСКИЙ РФ АО ""РОССЕЛЬХОЗБАНК""",Киров,30101810600000000000
043469623,КОСТРОМСКОЕ ОТДЕЛЕНИЕ N 8640 ПАО СБЕРБАНК,Кострома,30101810200000000000
043469710,"КУ ООО КБ ""КОНФИДЭНС БАНК"" - ГК ""АСВ""",Москва,30101810100000000000
043469714,"КУ ООО КБ ""АКСОНБАНК"" - ГК ""АСВ""",Москва,30101810300000000000
043469720,"ООО ""КОСТРОМАСЕЛЬКОМБАНК""",Кострома,30101810200000000000
043469731,"КОСТРОМСКОЙ РФ АО ""РОССЕЛЬХОЗБАНК""",Кострома,30101810600000000000
043469743,"ПАО ""СОВКОМБАНК""",Кострома,30101810300000000000
043469751,"АО КБ ""МОДУЛЬБАНК""",Кострома,30101810800000000000
043510101,"АО ""БАНК ЧБРР""",Симферополь,30101810035100000000
043510107,"СИМФЕРОПОЛЬСКИЙ ФИЛИАЛ АБ ""РОССИЯ""",Симферополь,30101810835100000000
043510123,"АО ""ГЕНБАНК""",Симферополь,30101810835100000000
043510135,"Крымский ф-л ПАО ""Промсвязьбанк""",Симферополь,30101810645373500000
043510607,РНКБ БАНК (ПАО),Симферополь,30101810335100000000
043601592,"НКО ""ПЛАТЕЖИ И РАСЧЕТЫ"" (АО)",Самара,30103810300000000000
043601607,ПОВОЛЖСКИЙ БАНК ПАО СБЕРБАНК,Самара,30101810200000000000
043601701,"СМФ АО ""СМП БАНК""",Самара,30101810300000000000
043601706,"АО КБ ""СОЛИДАРНОСТЬ""",Самара,30101810800000000000
043601707,"ФИЛИАЛ ""САМАРСКИЙ"" АО ""ОТП БАНК""",Самара,30101810722023600000
043601709,"ГК ""АСВ"" - КУ ОАО ""ВОЛГО-КАМСКИЙ БАНК""",Москва,30101810700000000000
043601742,"АО ""КОШЕЛЕВ-БАНК""",Самара,30101810236010000000
043601777,САМАРСКИЙ ФИЛИАЛ АО ЮНИКРЕДИТ БАНКА,Самара,30101810800000000000
043601806,"Ликвидатор КБ ""СПУТНИК"" (ПАО) - ГК ""АСВ""",Москва,30101810322023600000
043601811,"ООО ""ЗЕМСКИЙ БАНК""",Сызрань,30101810922023600000
043601842,"АО КБ ""НИБ""",Самара,30101810522023600000
043601845,САМАРСКИЙ ФИЛИАЛ БАНКА СОЮЗ (АО),Самара,30101810422023600000
043601863,"ГК ""АСВ"" - КУ АО АКБ ""ГАЗБАНК""",Москва,30101810400000000000
043601869,"ГК ""АСВ"" - КУ ООО ""ВСБ""",Москва,30101810200000000000
043601876,"САМАРСКИЙ ФИЛИАЛ БАНКА ""ВБРР"" (АО)",Самара,30101810400000000000
043601878,"ГК ""АСВ"" - КУ АО ""АК БАНК""",Москва,30101810000000000000
043601889,"СРЕДНЕВОЛЖСКИЙ ФИЛИАЛ АО КБ ""СИТИБАНК""",Самара,30101810400000000000
043601917,"Ф-Л БАНКА ГПБ (АО) ""ПОВОЛЖСКИЙ""",Самара,30101810000000000000
043601919,"ГК ""АСВ"" - КУ ОАО БАНК ""ПРИОРИТЕТ""",Самара,30101810600000000000
043601933,"ГК ""АСВ"" - КУ ОАО ""ВКБ""",Москва,30101810000000000000
043601968,ФИЛИАЛ № 6318 БАНКА ВТБ (ПАО),Самара,30101810422023600000
043601978,"САМАРСКИЙ РФ АО ""РОССЕЛЬХОЗБАНК""",Самара,30101810900000000000
043678838,"АО ""ТОЛЬЯТТИХИМБАНК""",Тольятти,30101810000000000000
043678859,"КУ ООО КБ ""ЭЛ БАНК"" - ГК ""АСВ""",Тольятти,30101810500000000000
043678929,"КУ АО ""ФИА-БАНК"" - ГК ""АСВ""",Тольятти,30101810100000000000
043678944,"ФИЛИАЛ АО АКБ ""НОВИКОМБАНК"" В Г. ТОЛЬЯТТИ",Тольятти,30101810800000000000
043735650,КУРГАНСКОЕ ОТДЕЛЕНИЕ N8599 ПАО СБЕРБАНК,Курган,30101810100000000000
043735821,"ООО КБ ""КЕТОВСКИЙ""",Курган,30101810900000000000
043735830,"ООО БАНК ""КУРГАН""",Курган,30101810700000000000
043735853,"ФИЛИАЛ ""КУРГАНСКИЙ"" АО АКБ ""АЛЕФ-БАНК""",Курган,30101810800000000000
043807330,"Центрально-Черноземный Филиал АО ""Экспобанк""",Курск,30101810345250000000
043807606,КУРСКОЕ ОТДЕЛЕНИЕ N8596 ПАО СБЕРБАНК,Курск,30101810300000000000
043807798,"КУРСКИЙ РФ АО ""РОССЕЛЬХОЗБАНК""",Курск,30101810700000000000
044030303,"ООО НКО ""МОБИЛЬНАЯ КАРТА""",Санкт-Петербург,30103810040300000000
044030308,"ООО РНКО ""Платежный конструктор""",Санкт-Петербург,30103810245374000000
044030505,НКО АО ПРЦ,Санкт-Петербург,30105810900000000000
044030653,СЕВЕРО-ЗАПАДНЫЙ БАНК ПАО СБЕРБАНК,Санкт-Петербург,30101810500000000000
044030702,"АО ""СИТИ ИНВЕСТ БАНК""",Санкт-Петербург,30101810600000000000
044030704,Ф. ОПЕРУ БАНКА ВТБ (ПАО) В САНКТ-ПЕТЕРБУРГЕ,Санкт-Петербург,30101810200000000000
044030705,"ПАО ""БАЛТИНВЕСТБАНК""",Санкт-Петербург,30101810500000000000
044030706,"ФИЛИАЛ ПАО ""БАНК УРАЛСИБ"" В Г.САНКТ-ПЕТЕРБУРГ",Санкт-Петербург,30101810800000000000
044030707,ФИЛИАЛ № 7806 БАНКА ВТБ (ПАО),Санкт-Петербург,30101810240300000000
044030710,"СЕВЕРО-ЗАПАДНЫЙ ФИЛИАЛ АО ""БАНК ИНТЕЗА""",Санкт-Петербург,30101810100000000000
044030716,"САНКТ-ПЕТЕРБУРГСКИЙ ФИЛИАЛ ООО КБ ""ГЕФЕСТ""",Санкт-Петербург,30101810900000000000
044030723,"Ф-Л ""СЕВЕРНАЯ СТОЛИЦА"" АО ""РАЙФФАЙЗЕНБАНК""",Санкт-Петербург,30101810100000000000
044030724,"АО ""СЕВЗАПИНВЕСТПРОМБАНК""",Санкт-Петербург,30101810400000000000
044030725,"КУ АО ""Рускобанк"" - ГК ""АСВ""",Москва,30101810545374000000
044030728,"КУ ПАО ""Выборг-банк"" - ГК ""АСВ""",Москва,30101810445374000000
044030729,"САНКТ-ПЕТЕРБУРГСКИЙ ФИЛИАЛ ПАО ""РОСДОРБАНК""",Санкт-Петербург,30101810900000000000
044030733,"ФИЛИАЛ ООО КБ ""РОСТФИНАНС"" В САНКТ-ПЕТЕРБУРГЕ",Санкт-Петербург,30101810340300000000
044030738,"Конкурсный управляющий ООО ""ЛЕНОБЛБАНК"" - ГК ""АСВ""",Москва,30101810545374000000
044030741,"КУ ООО КБ ""ФИНАНСОВЫЙ КАПИТАЛ"" - ГК ""АСВ""",Москва,30101810700000000000
044030742,"ФИЛИАЛ АКБ ""СЛАВИЯ"" (АО) В Г.САНКТ-ПЕТЕРБУРГ",Санкт-Петербург,30101810140300000000
044030747,"АО ""СЭБ БАНК""",Санкт-Петербург,30101810500000000000
044030751,"ФИЛИАЛ ""ПЕТЕРБУРГСКИЙ"" АО КБ ""СОЛИДАРНОСТЬ""",Санкт-Петербург,30101810940300000000
044030752,"САНКТ-ПЕТЕРБУРГСКИЙ ФИЛИАЛ ""БАНК СГБ""",Санкт-Петербург,30101810100000000000
044030754,"Конкурсный управляющий ПАО ""Энергомашбанк"" - ГК ""АСВ""",Москва,30101810700000000000
044030755,"ПАО БАНК ""АЛЕКСАНДРОВСКИЙ""",Санкт-Петербург,30101810000000000000
044030757,"ПАО БАНК ""СИАБ""",Санкт-Петербург,30101810600000000000
044030760,"КУ Банк МБСП (АО) - ГК ""АСВ""",Москва,30101810600000000000
044030761,"СПБ ФИЛИАЛ АКБ ""ЛАНТА-БАНК"" (АО)",Санкт-Петербург,30101810900000000000
044030764,"ФИЛИАЛ БАНКА ""ВБРР"" (АО) В Г.САНКТ-ПЕТЕРБУРГЕ",Санкт-Петербург,30101810800000000000
044030765,"ФИЛИАЛ АО КБ ""СИТИБАНК"" В Г.САНКТ-ПЕТЕРБУРГЕ",Санкт-Петербург,30101810100000000000
044030772,"Конкурсный управляющий АО Банк ""Советский"" - ГК ""АСВ""",Москва,30101810300000000000
044030778,СЕВЕРО-ЗАПАДНЫЙ ФИЛИАЛ ПАО РОСБАНК,Санкт-Петербург,30101810100000000000
044030783,"СФ АО ""СМП БАНК""",Санкт-Петербург,30101810700000000000
044030786,"ФИЛИАЛ ""САНКТ-ПЕТЕРБУРГСКИЙ"" АО ""АЛЬФА-БАНК""",Санкт-Петербург,30101810600000000000
044030787,"ФКБ ""МОСКОММЕРЦБАНК"" (АО) Г.С-ПЕТЕРБУРГ",Санкт-Петербург,30101810900000000000
044030790,"ПАО ""БАНК ""САНКТ-ПЕТЕРБУРГ""",Санкт-Петербург,30101810900000000000
044030795,"Ф-Л СЕВЕРО-ЗАПАДНЫЙ ПАО БАНК ""ФК ОТКРЫТИЕ""",Санкт-Петербург,30101810540300000000
044030812,"ФИЛИАЛ ""САНКТ-ПЕТЕРБУРГСКИЙ"" АО ""ОТП БАНК""",Санкт-Петербург,30101810600000000000
044030814,"АО ""ГОРБАНК""",Санкт-Петербург,30101810200000000000
044030817,"Приозерский ф-л ПАО ""Банк ""Санкт-Петербург""",Приозерск,30101810945374000000
044030819,"САНКТ-ПЕТЕРБУРГСКИЙ ФИЛИАЛ АО ""УРИ БАНК""",Санкт-Петербург,30101810700000000000
044030820,САНКТ-ПЕТЕРБУРГСКИЙ БАНК ИНВЕСТИЦИЙ (АО),Санкт-Петербург,30101810100000000000
044030824,ФИЛИАЛ АЙСИБИСИ БАНК (АО) В САНКТ-ПЕТЕРБУРГЕ,Санкт-Петербург,30101810440300000000
044030826,"АО БАНК ""ОБЪЕДИНЕННЫЙ КАПИТАЛ""",Санкт-Петербург,30101810900000000000
044030827,"Ф-Л БАНКА ГПБ (АО) ""СЕВЕРО-ЗАПАДНЫЙ""",Санкт-Петербург,30101810200000000000
044030831,"Ф.АКБ ""ФОРА-БАНК"" (АО) В Г.САНКТ-ПЕТЕРБУРГ",Санкт-Петербург,30101810640300000000
044030839,"САНКТ-ПЕТЕРБУРГСКИЙ ФИЛИАЛ ПАО КБ ""ВОСТОЧНЫЙ""",Санкт-Петербург,30101810900000000000
044030842,"Конкурсный управляющий АО АКБ ""Констанс-Банк"" - ГК ""АСВ""",Москва,30101810745374000000
044030845,"Конкурсный управляющий Банк ""Прайм Финанс"" (АО) - ГК ""АСВ""",Москва,30101810800000000000
044030852,"АО БАНК ""ПСКБ""",Санкт-Петербург,30101810000000000000
044030858,ПЕТЕРБУРГСКИЙ ФИЛИАЛ АО ЮНИКРЕДИТ БАНКА,Санкт-Петербург,30101810800000000000
044030861,"АО ""АБ ""РОССИЯ""",Санкт-Петербург,30101810800000000000
044030866,САНКТ-ПЕТЕРБУРГСКИЙ ФИЛИАЛ БАНКА СОЮЗ (АО),Санкт-Петербург,30101810300000000000
044030869,"АО ""КАБ ""ВИКИНГ""",Санкт-Петербург,30101810200000000000
044030870,"Ликвидатор ООО КБ ""НЕВАСТРОЙИНВЕСТ"" - ГК ""АСВ""",Москва,30101810600000000000
044030871,"Киришский ф-л ПАО ""Банк ""Санкт-Петербург""",Кириши,30101810745374000000
044030874,"САНКТ-ПЕТЕРБУРГСКИЙ ФИЛИАЛ ООО ""БАНК БКФ""",Санкт-Петербург,30101810800000000000
044030877,Таврический Банк (АО),Санкт-Петербург,30101810700000000000
044030878,"ФИЛИАЛ ""СДМ-БАНК""(ПАО) В Г.САНКТ-ПЕТЕРБУРГЕ",Санкт-Петербург,30101810000000000000
044030879,"СПБФ АО БАНК ""СНГБ""",Санкт-Петербург,30101810440300000000
044030882,КРЕДИ АГРИКОЛЬ КИБ АО,Санкт-Петербург,30101810300000000000
044030885,"Конкурсный управляющий ПАО ""Невский банк"" - ГК ""АСВ""",Москва,30101810200000000000
044030889,ЭКСИ-БАНК (АО),Санкт-Петербург,30101810400000000000
044030892,"КУ АО АКБ ""БАНКИРСКИЙ ДОМ"" - ГК ""АСВ""",Москва,30101810400000000000
044030902,"ФИЛИАЛ АО АКБ ""НОВИКОМБАНК"" В Г.С-ПЕТЕРБУРГЕ",Санкт-Петербург,30101810400000000000
044030904,ООО БАНК ОРАНЖЕВЫЙ,Санкт-Петербург,30101810000000000000
044030905,"АО ""БАНК БЕРЕЙТ""",Красный Бор,30101810145374000000
044030907,ФИЛИАЛ N 14 АО МОСОБЛБАНК,Санкт-Петербург,30101810900000000000
044030910,"САНКТ-ПЕТЕРБУРГСКИЙ РФ АО ""РОССЕЛЬХОЗБАНК""",Санкт-Петербург,30101810900000000000
044030920,"СТ-ПЕТЕРБУРГСКИЙ Ф-Л ПАО ""ПРОМСВЯЗЬБАНК""",Санкт-Петербург,30101810000000000000
044030924,"КУ ООО ""БАНК ФИНИНВЕСТ""-ГК ""АСВ""",Москва,30101810340300000000
044030925,"Ликвидатор АО ""Заубер Банк"" - ГК ""АСВ""",Москва,30101810640300000000
044206604,ЛИПЕЦКОЕ ОТДЕЛЕНИЕ N8593 ПАО СБЕРБАНК,Липецк,30101810800000000000
044206756,"ЛИПЕЦКИЙ РФ АО ""РОССЕЛЬХОЗБАНК""",Липецк,30101810800000000000
044371122,"Луганский ф-л ПАО ""Промсвязьбанк""",Луганск,30101810745374400000
044371139,"ООО ""ПСБ Луганск""",Луганск,30111810045374400000
044442607,СЕВЕРО-ВОСТОЧНОЕ ОТДЕЛЕНИЕ N8645 ПАО СБЕРБАНК,Магадан,30101810300000000000
044525050,"ООО РНКО ""ЮСиЭс""",Москва,30103810745374500000
044525051,"ГК ""Агентство по страхованию вкладов""",Москва,30127810945250000000
044525052,"НКО-ЦК ""СПБ Клиринг"" (АО)",Москва,30103810845250000000
044525053,НКО ЦК РДК (АО),Москва,30103810145250000000
044525054,"ООО ""НКО ""ЭЛЕКСИР""",Москва,30103810445250000000
044525055,РНКО АЗИЯПЭЙ ООО,Москва,30103810245374500000
044525057,"КУ ОАО ""БАНК РОССИЙСКИЙ КРЕДИТ"" -ГК ""АСВ""",Москва,30101810500000000000
044525059,ЦМРБанк (ООО),Москва,30101810345250000000
044525060,ВЭБ.РФ,Москва,30101810500000000000
044525062,"АО ""БМ-Банк""",Москва,30101810345250000000
044525063,"РНКО ""Р-ИНКАС"" (ООО)",Москва,30103810245250000000
044525067,"Филиал ""Московский"" АО КБ ""Солидарность""",Москва,30101810845250000000
044525068,"ООО ""ОЗОН Банк""",Москва,30101810645374500000
044525070,"ООО НКО ""Расчетные Решения""",Москва,30103810445250000000
044525071,"КУ ООО ""ВЕСТИНТЕРБАНК"" - ГК ""АСВ""",Москва,30101810145250000000
044525072,"КУ ТАУРУС БАНК (АО) - ГК ""АСВ""",Москва,30101810445250000000
044525073,"КУ ООО ""АМТ БАНК"" ГК ""АСВ""",Москва,30101810745250000000
044525075,"КУ АКБ ""МОСУРАЛБАНК"" (АО) - ГК ""АСВ""",Москва,30101810345250000000
044525077,"ООО НКО ""Твои платежи""",Москва,30103810545250000000
044525079,"АО ""Банк Финсервис""",Москва,30101810545250000000
044525082,"КБ ""РБА"" (ООО)",Москва,30101810545250000000
044525083,"КУ ООО КБ ""РЕНЕССАНС"" - ГК ""АСВ""",Москва,30101810845250000000
044525084,"Ликвидатор АО ""РУНЭТБАНК""",Москва,30101810145250000000
044525086,"Московский филиал АО ""ИК Банк""",Москва,30101810745250000000
044525089,"Московский филиал ПАО ""БыстроБанк""",Москва,30101810645250000000
044525090,"КУ ПАО КБ ""ПФС-БАНК"" - ГК ""АСВ""",Москва,30101810045250000000
044525092,"Московский Филиал АО КБ ""Модульбанк""",Москва,30101810645250000000
044525093,"ЛИКВИДАТОР ""БАНК24.РУ"" (ОАО) - ГК ""АСВ""",Москва,30101810945250000000
044525094,"Московский филиал ""БАНК СГБ""",Москва,30101810245250000000
044525095,МОРСКОЙ БАНК (АО),Москва,30101810545250000000
044525096,"КУ ""ИНТЕРАКТИВНЫЙ БАНК"" (ООО) - ГК ""АСВ""",Москва,30101810845250000000
044525097,"ООО ""АТБ"" Банк",Москва,30101810145250000000
044525099,"Московский филиал АО ""БКС Банк""",Москва,30101810745250000000
044525101,"ООО ""Дойче Банк""",Москва,30101810100000000000
044525102,"АО ""Денизбанк Москва""",Москва,30101810400000000000
044525104,"ООО ""Банк Точка""",Москва,30101810745374500000
044525105,"АО ""КОММЕРЦБАНК (ЕВРАЗИЯ)""",Москва,30101810300000000000
044525106,"КУ ЗАО ""С БАНК"" - ГК ""АСВ""",Москва,30101810845250000000
044525107,"АО ""Мидзухо Банк (Москва)""",Москва,30101810900000000000
044525108,"АО ""МСП Банк""",Москва,30101810200000000000
044525109,"КБ ""Гарант-Инвест"" (АО)",Москва,30101810745250000000
044525111,"АО ""Россельхозбанк""",Москва,30101810200000000000
044525112,"Московский филиал АБ ""РОССИЯ""",Москва,30101810500000000000
044525116,"""ЗИРААТ БАНК (МОСКВА)"" (АО)",Москва,30101810700000000000
044525120,"КУ КБ ""РОСПРОМБАНК"" (ООО) - ГК ""АСВ""",Москва,30101810245250000000
044525122,"КУ АО КБ ""Златкомбанк"" - ГК ""АСВ""",Москва,30101810845250000000
044525123,МБЭС,Москва,30101810145250000000
044525124,"КУ АКБ ""ИНКАРОБАНК"" (АО) - ГК ""АСВ""",Москва,30101810445250000000
044525125,"ООО РНКО ""Металлург""",Москва,30103810345250000000
044525126,"КУ АО КБ ""ИНТЕРПРОМБАНК"" - ГК ""АСВ""",Москва,30101810800000000000
044525128,"КУ ""ФИНАРС Банк"" (АО) - ГК ""АСВ""",Москва,30101810645250000000
044525130,"КУ ПАО МАБ ""ТЕМПБАНК"" - ГК ""АСВ""",Москва,30101810345250000000
044525131,"АКБ ""ТЕНДЕР-БАНК"" (АО)",Москва,30101810645250000000
044525133,"АО НКО ""ЭЛЕКСНЕТ""",Москва,30103810845250000000
044525134,"ООО ""Первый Клиентский Банк""",Москва,30101810545250000000
044525135,"КБ ""Ренессанс Кредит"" (ООО)",Москва,30101810845250000000
044525137,"КУ БАНК ЭКОНОМИЧЕСКИЙ СОЮЗ (АО) - ГК ""АСВ""",Москва,30101810445250000000
044525140,"КУ КБ ""БМБ"" (ООО) - ГК ""АСВ""",Москва,30101810445250000000
044525142,"ф-л ПАО ""Банк ""Санкт-Петербург"" в г.Москве",Москва,30101810045250000000
044525146,"КУ КБ СССБ (ООО) - ГК ""АСВ""",Москва,30101810245250000000
044525147,"АО ""РН Банк""",Москва,30101810545250000000
044525148,Банк СОЮЗ (АО),Москва,30101810845250000000
044525151,"АО ""Банк Русский Стандарт""",Москва,30101810845250000000
044525154,"КУ АКБ ""ИнтрастБанк"" (ОАО) - ГК ""АСВ""",Москва,30101810745250000000
044525157,"КУ ООО КБ ""АДМИРАЛТЕЙСКИЙ"" - ГК ""АСВ""",Москва,30101810645250000000
044525158,"АО ""НС Банк""",Москва,30101810945250000000
044525159,"""Мерседес-Бенц Банк Рус"" ООО",Москва,30101810000000000000
044525160,"КУ АО АКБ ""ГАЗСТРОЙБАНК"" - ГК ""АСВ""",Москва,30101810645250000000
044525161,"КБ ""ЛОКО-Банк"" (АО)",Москва,30101810945250000000
044525162,"АО АКБ ""НОВИКОМБАНК""",Москва,30101810245250000000
044525163,"АО ""Ури Банк""",Москва,30101810300000000000
044525165,"КУ ПАО АКБ ""РФА"" - ГК ""АСВ""",Москва,30101810145250000000
044525166,"КУ АО ""ТЭМБР-БАНК"" - ГК ""АСВ""",Москва,30101810445250000000
044525169,"КУ АО КБ ""МБР-БАНК"" - ГК ""АСВ""",Москва,30101810345250000000
044525170,"КУ НКО ООО ""АРБ-ИНКАСС"" - ГК ""АСВ""",Москва,30103810345250000000
044525173,"Ликвидационная комиссия АКБ ""ПРОМИНВЕСТБАНК"" (ПАО)",Москва,30101810645250000000
044525176,"ПАО АКБ ""Металлинвестбанк""",Москва,30101810300000000000
044525178,"Банк ""СЕРВИС РЕЗЕРВ"" (АО)",Москва,30101810145250000000
044525179,"КУ ООО КБ ""НКБ"" - ГК ""АСВ""",Москва,30101810445250000000
044525180,"КУ ООО КБ ""ПУЛЬС СТОЛИЦЫ"" - ГК ""АСВ""",Москва,30101810845250000000
044525182,"АО ""НДБанк""",Москва,30101810445250000000
044525183,"КУ ЦЕНТРКОМБАНК ООО - ГК ""АСВ""",Москва,30101810745250000000
044525184,"АО ""МБ Банк""",Москва,30101810800000000000
044525185,"""БНП ПАРИБА БАНК"" АО",Москва,30101810100000000000
044525186,"ПАО ""СПБ Банк""",Москва,30101810400000000000
044525187,Банк ВТБ (ПАО),Москва,30101810700000000000
044525188,"КУ КБ ""ДС-БАНК"" (ООО)",Москва,30101810245250000000
044525192,АО РОСЭКСИМБАНК,Москва,30101810545250000000
044525193,"КУ АО ""ЕВРОАКСИС БАНК"" - ГК ""АСВ""",Москва,30101810600000000000
044525196,"""Банк Кремлевский"" ООО",Москва,30101810745250000000
044525200,"Московский филиал ПАО ""МЕТКОМБАНК""",Москва,30101810945250000000
044525201,"ПАО АКБ ""АВАНГАРД""",Москва,30101810000000000000
044525202,"АО КБ ""Ситибанк""",Москва,30101810300000000000
044525203,"АО ""ПроБанк""",Москва,30101810845250000000
044525204,"АО АКБ ""ЕВРОФИНАНС МОСНАРБАНК""",Москва,30101810900000000000
044525208,"КУ АО БАНК ""ТГБ"" - ГК ""АСВ""",Москва,30101810345250000000
044525211,"КУ АО БАНК ""РСКБ"" - ГК ""АСВ""",Москва,30101810345250000000
044525213,"АКБ ""БЭНК ОФ ЧАЙНА"" (АО)",Москва,30101810700000000000
044525214,"АО ""Почта Банк""",Москва,30101810245250000000
044525215,"ООО ""Банк БКФ""",Москва,30101810545250000000
044525218,"КБ ""Дж.П. Морган Банк Интернешнл"" (ООО)",Москва,30101810200000000000
044525220,"Центральный филиал АБ ""РОССИЯ""",Москва,30101810145250000000
044525222,ИНГ БАНК (ЕВРАЗИЯ) АО,Москва,30101810500000000000
044525225,ПАО Сбербанк,Москва,30101810400000000000
044525227,"МОСКОВСКИЙ ФКБ ""ЭНЕРГОТРАНСБАНК"" (АО)",Москва,30101810245250000000
044525229,"ООО КБ ""АРЕСБАНК""",Москва,30101810845250000000
044525232,"ПАО ""МТС-Банк""",Москва,30101810600000000000
044525234,Азия-Инвест Банк (АО),Москва,30101810445250000000
044525236,"АО ""Банк Кредит Свисс (Москва)""",Москва,30101810800000000000
044525237,"КУ ПАО ""МЕЖТОПЭНЕРГОБАНК"" - ГК ""АСВ""",Москва,30101810345250000000
044525238,"КУ АКБ ""АПАБАНК"" (АО) - ГК ""АСВ""",Москва,30101810645250000000
044525241,"КУ ЗАО ""М БАНК"" - ГК ""АСВ""",Москва,30101810645250000000
044525242,"КУ КБ ""ВЕГА-БАНК"" (ООО) - ГК ""АСВ""",Москва,30101810945250000000
044525244,"КУ ПАО ""БАНК ЕКАТЕРИНИНСКИЙ"" - ГК ""АСВ""",Москва,30101810545250000000
044525245,"ООО ""ХКФ Банк""",Москва,30101810845250000000
044525246,"КУ АКБ ""КРОССИНВЕСТБАНК"" (ОАО) - ГК ""АСВ""",Москва,30101810145250000000
044525247,МП Банк (ООО),Москва,30101810200000000000
044525250,"КУ БАНК ""ВПБ"" (АО) - ГК ""АСВ""",Москва,30101810445250000000
044525253,"КУ АО КБ ""РУБЛЕВ"" - ГК ""АСВ""",Москва,30101810345250000000
044525254,"АО КБ ""КОСМОС""",Москва,30101810645250000000
044525256,ПАО РОСБАНК,Москва,30101810000000000000
044525257,"АО ""РФК-банк""",Москва,30101810545250000000
044525259,"КУ АКБ ""НЗБАНК"", ОАО - ГК ""АСВ""",Москва,30101810145250000000
044525261,"Ликвидатор АО ""РУНА-БАНК"" - ГК ""АСВ""",Москва,30101810845250000000
044525265,Эс-Би-Ай Банк ООО,Москва,30101810045250000000
044525266,"АО ""Банк ДОМ.РФ""",Москва,30101810345250000000
044525267,ИНВЕСТТОРГБАНК АО,Москва,30101810645250000000
044525268,"АО АКБ ""Алеф-Банк""",Москва,30101810945250000000
044525270,"КУ ООО КБ ""АКАДЕМРУСБАНК"" - ГК ""АСВ""",Москва,30101810645250000000
044525271,"КУ АО ""ГРИНФИЛДБАНК"" - ГК ""АСВ""",Москва,30101810945250000000
044525272,ПАО Банк ЗЕНИТ,Москва,30101810000000000000
044525273,"АО ""МТИ Банк""",Москва,30101810545250000000
044525274,"КУ БАНК ИТБ (АО) - ГК ""АСВ""",Москва,30101810845250000000
044525275,"АКБ ""ПЕРЕСВЕТ"" (ПАО)",Москва,30101810145250000000
044525278,"АО ""НК Банк""",Москва,30101810045250000000
044525279,"КУ АО КБ ""БТФ"" - ГК ""АСВ""",Москва,30101810100000000000
044525280,"КУ КБ ""РТБК"" (ООО) - ГК ""АСВ""",Москва,30101810500000000000
044525284,"КУ КБ ""МИКО-БАНК"" ООО - ГК ""АСВ""",Москва,30101810945250000000
044525285,"АО ""РЕАЛИСТ БАНК""",Москва,30101810245250000000
044525286,"КУ ОАО КБ ""МВКБ"" - ГК ""АСВ""",Москва,30101810545250000000
044525287,"КУ ОАО ""АБ ""ПУШКИНО"" - ГК ""АСВ""",Москва,30101810845250000000
044525288,"Ликвидационная комиссия ООО КБ ""Альба Альянс""",Москва,30101810145250000000
044525292,"КУ КБ ""БФГ-КРЕДИТ"" (ООО) - ГК ""АСВ""",Москва,30101810445250000000
044525293,"КУ ПАО ""ОФК БАНК"" - ГК ""АСВ""",Москва,30101810745250000000
044525297,"Филиал Центральный ПАО Банка ""ФК Открытие""",Москва,30101810945250000000
044525298,"Ликвидатор АО ""ОРБАНК"" - ГК ""АСВ""",Москва,30101810245250000000
044525299,"ООО ""НКО ""Вестерн Юнион ДП Восток""",Москва,30103810900000000000
044525300,"КУ ООО ПЧРБ БАНК - ГК ""АСВ""",Москва,30101810600000000000
044525303,"ООО НКО ""ПэйПал РУ""",Москва,30103810100000000000
044525304,"КУ ООО КБ ""МИЛБАНК"" - ГК ""АСВ""",Москва,30101810045250000000
044525306,"КУ ПАО КБ ""ЕВРОКОММЕРЦ"" - ГК ""АСВ""",Москва,30101810645250000000
044525307,"""Северный Народный Банк"" (АО) Ф-л в г. Москва",Москва,30101810945250000000
044525308,"ООО ""Инбанк""",Москва,30101810245250000000
044525310,"Московский филиал ООО КБ ""Дружба""",Москва,30101810945250000000
044525311,"АО ""ОТП Банк""",Москва,30101810000000000000
044525313,"Ликвидатор НКО ""ЭПС"" (ООО)",Москва,30103810445250000000
044525318,"АКБ ""СЛАВИЯ"" (АО)",Москва,30101810345250000000
044525319,"Ликвидатор КБ ""МКБ"" (АО) - ГК ""АСВ""",Москва,30101810645250000000
044525320,"КУ АО ""ТРОЙКА-Д БАНК"" - ГК ""АСВ""",Москва,30101810800000000000
044525322,"КУ ООО КБ ""Агросоюз"" - ГК ""АСВ""",Москва,30101810645250000000
044525325,"КУ ООО КБ ""Жилкредит"" - ГК ""АСВ""",Москва,30101810545250000000
044525326,"АКБ ""Трансстройбанк"" (АО)",Москва,30101810845250000000
044525328,"КУ АО ""РМБ"" БАНК - ГК ""АСВ""",Москва,30101810445250000000
044525333,"НКО ""Альтернатива"" (ООО)",Москва,30103810645250000000
044525335,"КУ ООО КБ ""РБС"" - ГК ""АСВ""",Москва,30101810645250000000
044525337,"КУ КБ ""РУБЛЕВСКИЙ"" ООО - ГК ""АСВ""",Москва,30101810245250000000
044525340,"ООО ""Голдман Сакс Банк""",Москва,30101810000000000000
044525341,"АКБ ""ФОРА-БАНК"" (АО)",Москва,30101810300000000000
044525342,"КУ ООО ""ДЖАСТ БАНК"" - ГК ""АСВ""",Москва,30101810845250000000
044525346,"ООО КБ ""СИНКО-БАНК""",Москва,30101810045250000000
044525348,"АКБ ""Ланта-Банк"" (АО)",Москва,30101810400000000000
044525349,"АО КБ ""ИС Банк""",Москва,30101810945250000000
044525350,"КУ ""АМБ БАНК"" (ПАО)-ГК ""АСВ""",Москва,30101810100000000000
044525351,"ООО ""Эйч-эс-би-си Банк (РР)""",Москва,30101810400000000000
044525353,"КУ ""МАСТЕР-БАНК"" (ОАО) ГК ""АСВ""",Москва,30101810000000000000
044525354,"Филиал ПАО РОСБАНК ""Росбанк Дом""",Москва,30101810545250000000
044525355,"КУ КБ ""ЕДИНСТВЕННЫЙ"" (ООО) - ГК ""АСВ""",Москва,30101810845250000000
044525356,"КУ ООО КБ ""ТРАНСПОРТНЫЙ"" - ГК ""АСВ""",Москва,30101810145250000000
044525359,"КУ ПАО АКБ ""РБР"" - ГК ""АСВ""",Москва,30101810045250000000
044525360,"Филиал ""Корпоративный"" ПАО ""Совкомбанк""",Москва,30101810445250000000
044525361,"АО ""Эм-Ю-Эф-Джи Банк (Евразия)""",Москва,30101810500000000000
044525362,Межгосударственный банк,Москва,30101810800000000000
044525366,"КУ ЗАО ""ПРОМСБЕРБАНК"" - ГК ""АСВ""",Москва,30101810245250000000
044525368,"КУ ОАО ""ПРБ"" - ГК ""АСВ""",Москва,30101810845250000000
044525371,"ООО МИБ ""ДАЛЕНА""",Москва,30101810845250000000
044525373,"КУ АКБ ""ЛЕГИОН"" (АО) - ГК ""АСВ""",Москва,30101810445250000000
044525374,"КУ КБ ""ТРАНСНАЦИОНАЛЬНЫЙ БАНК"" (ООО)-ГК ""АСВ""",Москва,30101810745250000000
044525375,"КУ БАНК ""СОФРИНО"" (ЗАО) - ГК ""АСВ""",Москва,30101810800000000000
044525376,"КУ ""ДИЛ-БАНК"" (ООО) - ГК ""АСВ""",Москва,30101810345250000000
044525378,"КУ ООО КБ ""ОПМ-БАНК"" - ГК ""АСВ""",Москва,30101810945250000000
044525381,"КУ ООО КБ ""ЛАЙТБАНК"" - ГК ""АСВ""",Москва,30101810945250000000
044525387,"КУ КБ ""МФБАНК"" ООО - ГК ""АСВ""",Москва,30101810745250000000
044525388,ТКБ БАНК ПАО,Москва,30101810800000000000
044525391,"КУ ООО КБ ""МОНОЛИТ"" - ГК ""АСВ""",Москва,30101810045250000000
044525395,"МФ АО БАНК ""СНГБ""",Москва,30101810245250000000
044525397,"КУ ОАО ""ЮНИКОРБАНК"" - ГК ""АСВ""",Москва,30101810845250000000
044525398,"КУ ООО ""ВИТАС БАНК"" - ГК ""АСВ""",Москва,30101810145250000000
044525401,"Ликвидатор АБ ""АСПЕКТ"" (АО) - ГК ""АСВ""",Москва,30101810800000000000
044525402,Банк ИПБ (АО),Москва,30101810100000000000
044525408,"АО ""Первый Инвестиционный Банк""",Москва,30101810900000000000
044525409,"""СОЦИУМ-БАНК"" (ООО)",Москва,30101810445250000000
044525411,"Филиал ""Центральный"" Банка ВТБ (ПАО)",Москва,30101810145250000000
044525412,"ПАО КБ ""РусьРегионБанк""",Москва,30101810445250000000
044525413,"""Нацинвестпромбанк"" (АО)",Москва,30101810745250000000
044525416,КИВИ Банк (АО),Москва,30101810645250000000
044525421,"КУ КБ ""МСБ"" (ООО) - ГК ""АСВ""",Москва,30101810245250000000
044525423,"КУ КБ ""УНИФИН"" АО - ГК ""АСВ""",Москва,30101810845250000000
044525424,"КУ КБ ""АЛЬТА-БАНК"" (ЗАО) - ГК ""АСВ""",Москва,30101810900000000000
044525429,"КУ КБ ""ГАГАРИНСКИЙ"" (АО) - ГК ""АСВ""",Москва,30101810400000000000
044525430,"РФ АО ""Россельхозбанк"" - ""ЦРМБ""",Москва,30101810045250000000
044525431,"КУ ОАО БАНК ""НАРОДНЫЙ КРЕДИТ"" - ГК ""АСВ""",Москва,30101810345250000000
044525433,"КУ КБ ""ЕВРОСТАНДАРТ"" (ООО) - ГК ""АСВ""",Москва,30101810945250000000
044525434,"КУ ПАО БАНК ""ЮГРА"" - ГК ""АСВ""",Москва,30101810245250000000
044525435,"КБ ""Максима"" (ООО)",Москва,30101810545250000000
044525436,"КУ БАНК-Т (ОАО) - ГК ""АСВ""",Москва,30101810845250000000
044525440,"ООО КБ ""ЭКО-ИНВЕСТ""",Москва,30101810145250000000
044525444,"ООО НКО ""ЮМани""",Москва,30103810945250000000
044525445,"КУ КБ ""ИНВЕСТИЦИОННЫЙ СОЮЗ"" (ООО) - ГК ""АСВ""",Москва,30101810645250000000
044525447,"КУ ООО КБ ""БАНК БФТ"" - ГК ""АСВ""",Москва,30101810245250000000
044525450,"ООО ""Вайлдберриз Банк""",Москва,30101810245250000000
044525451,"Банк ""РЕСО Кредит"" (АО)",Москва,30101810545250000000
044525453,"""Вэйбанк"" АО",Москва,30101810145250000000
044525454,Филиал РОСБАНК Авто ПАО РОСБАНК,Москва,30101810445250000000
044525455,"КУ ООО ""ВНЕШПРОМБАНК"" - ГК ""АСВ""",Москва,30101810500000000000
044525457,"КУ КБ ""ЭКСПРЕСС-КРЕДИТ"" (АО) - ГК ""АСВ""",Москва,30101810345250000000
044525460,"АО ""Экспобанк""",Москва,30101810345250000000
044525461,"КУ АКБ ""БЕНИФИТ-БАНК"" (ЗАО) - ГК ""АСВ""",Москва,30101810645250000000
044525464,"АО ""Банк БЖФ""",Москва,30101810545250000000
044525465,"КУ ОАО КБ ""МАСТ-БАНК"" - ГК ""АСВ""",Москва,30101810845250000000
044525466,"АО КБ ""РУСНАРБАНК""",Москва,30101810145250000000
044525470,"АО ""СМБСР Банк""",Москва,30101810200000000000
044525471,"КУ АО ""МЕТРОБАНК"" - ГК ""АСВ""",Москва,30101810745250000000
044525473,Банк Глобус (АО),Москва,30101810345250000000
044525476,"АО ""МОСКОМБАНК""",Москва,30101810245250000000
044525477,"КУ БАНК ""НАВИГАТОР"" (ОАО) - ГК ""АСВ""",Москва,30101810545250000000
044525484,"КУ ПАО КБ ""ЕВРОСИТИБАНК"" - ГК ""АСВ""",Москва,30101810745250000000
044525485,"КУ КБ ""КБР БАНК"" (ООО) - ГК ""АСВ""",Москва,30101810045250000000
044525488,"ООО ""Унифондбанк""",Москва,30101810945250000000
044525490,АО МС Банк Рус,Москва,30101810645250000000
044525491,"КУ ООО ПИР Банк - ГК ""АСВ""",Москва,30101810945250000000
044525494,"КБ ""СИСТЕМА"" ООО",Москва,30101810600000000000
044525498,"АО Банк ""Национальный стандарт""",Москва,30101810045250000000
044525500,"""Коммерческий Индо Банк"" ООО",Москва,30101810400000000000
044525501,"КУ БАНК ""КРЕДИТ-МОСКВА"" (ПАО) - ГК ""АСВ""",Москва,30101810945250000000
044525502,"""Банк ""МБА-МОСКВА"" ООО",Москва,30101810000000000000
044525503,"АО ""СМП Банк""",Москва,30101810545250000000
044525505,НКО АО НРД,Москва,30105810345250000000
044525512,"""Натиксис Банк АО""",Москва,30101810100000000000
044525514,"АО АКБ ""ЦентроКредит""",Москва,30101810700000000000
044525517,"КБ ""Новый век"" (ООО)",Москва,30101810845250000000
044525520,Московский филиал Таврического Банка (АО),Москва,30101810845250000000
044525521,АО МОСОБЛБАНК,Москва,30101810900000000000
044525526,"КУ КБ ""Русский ипотечный банк"" (ООО) - ГК ""АСВ""",Москва,30101810645250000000
044525534,"КУ ОАО БАНК ""ЗАПАДНЫЙ"" - ГК ""АСВ""",Москва,30101810900000000000
044525535,"КУ АБ ""АЛДАНЗОЛОТОБАНК"" АО - ГК ""АСВ""",Москва,30101810445250000000
044525536,"КУ ОАО БАНК ""МБФИ"" - ГК ""АСВ""",Москва,30101810745250000000
044525538,"КУ ""РИАБАНК"" (АО) - ГК ""АСВ""",Москва,30101810345250000000
044525541,"КУ КБ""МЕЖДУНАРОДНЫЙ БАНК РАЗВИТИЯ""(АО)ГК""АСВ""",Москва,30101810100000000000
044525545,АО ЮниКредит Банк,Москва,30101810300000000000
044525547,"КУ КБ ""ФИНАНСОВЫЙ СТАНДАРТ"" (ООО) - ГК ""АСВ""",Москва,30101810145250000000
044525549,"КУ АКБ ""ФИНПРОМБАНК"" (ПАО) - ГК ""АСВ""",Москва,30101810745250000000
044525550,"АО КБ ""ЮНИСТРИМ""",Москва,30101810145250000000
044525551,АйСиБиСи Банк (АО),Москва,30101810200000000000
044525553,"КУ ООО КБ ""СОЮЗНЫЙ"" - ГК ""АСВ""",Москва,30101810045250000000
044525555,"ПАО ""Промсвязьбанк""",Москва,30101810400000000000
044525556,"КУ АКБ ""БНКВ"" (АО) - ГК ""АСВ""",Москва,30101810945250000000
044525563,"КУ АКБ ""СТРАТЕГИЯ"" (ПАО) - ГК ""АСВ""",Москва,30101810145250000000
044525567,"АО ""Тимер Банк""",Москва,30101810345250000000
044525568,"КУ АКБ ""МОСТРАНСБАНК"" ОАО - ГК ""АСВ""",Москва,30101810645250000000
044525569,"КУ ""НОТА-БАНК"" (ПАО) - ГК ""АСВ""",Москва,30101810700000000000
044525576,"Ф-л Банка ""ТРАСТ"" (ПАО) в г. Москва",Москва,30101810145250000000
044525583,Банк РМП (АО),Москва,30101810345250000000
044525584,"КУ ""БАНК ГОРОД"" (АО) - ГК ""АСВ""",Москва,30101810645250000000
044525586,"КУ ООО КБ ""АЙМАНИБАНК"" - ГК ""АСВ""",Москва,30101810245250000000
044525588,Джей энд Ти Банк (АО),Москва,30101810845250000000
044525591,"КУ АО ""РУССТРОЙБАНК"" - ГК ""АСВ""",Москва,30101810845250000000
044525592,"КУ ООО КБ ""ОГНИ МОСКВЫ"" - ГК ""АСВ""",Москва,30101810900000000000
044525593,"АО ""АЛЬФА-БАНК""",Москва,30101810200000000000
044525597,"КУ ""МИЛЛЕНИУМ БАНК"" (ЗАО) - ГК ""АСВ""",Москва,30101810645250000000
044525599,"Филиал АКБ ""СЛАВИЯ"" (АО) в г. Люберцы",Люберцы,30101810245250000000
044525600,"АО ""МИнБанк""",Москва,30101810300000000000
044525603,"КУ ЗАО ""ИПОТЕК БАНК"" - ГК ""АСВ""",Москва,30101810445250000000
044525604,"АО ""Банк ФИНАМ""",Москва,30101810745250000000
044525606,"Московский филиал АО Банк ""ПСКБ""",Москва,30101810345250000000
044525608,"КУ ООО КБ ""ДОРИС БАНК"" - ГК ""АСВ""",Москва,30101810945250000000
044525610,Московский филиал АКБ МКПБ (АО),Москва,30101810645250000000
044525619,"ООО ""Фольксваген Банк РУС""",Москва,30101810100000000000
044525621,"КУ КБ ""АНТАЛБАНК"" ООО - ГК ""АСВ""",Москва,30101810045250000000
044525624,"АО ""ИШБАНК""",Москва,30101810945250000000
044525626,"КУ КБ ""ИНТЕРКОММЕРЦ"" (ООО) - ГК ""АСВ""",Москва,30101810545250000000
044525630,"АО ""Тойота Банк""",Москва,30101810600000000000
044525631,"АО ""БКС Банк""",Москва,30101810145250000000
044525632,"АО АКБ ""МЕЖДУНАРОДНЫЙ ФИНАНСОВЫЙ КЛУБ""",Москва,30101810445250000000
044525635,"Банк ""ТРАСТ"" (ПАО)",Москва,30101810345250000000
044525636,"КУ ОАО МКБ ""ЗАМОСКВОРЕЦКИЙ"" - ГК ""АСВ""",Москва,30101810645250000000
044525645,"КУ АО ""СТАРБАНК"" - ГК ""АСВ""",Москва,30101810445250000000
044525646,НКО НКЦ (АО),Москва,30103810345250000000
044525652,"КУ КБ ""ПРИСКО КАПИТАЛ БАНК"", АО - ГК ""АСВ""",Москва,30101810645250000000
044525653,"КУ ""НАЦКОРПБАНК"" (АО) - ГК ""АСВ""",Москва,30101810945250000000
044525656,"Филиал АО ""ГЕНБАНК"" в г. Москве",Москва,30101810845250000000
044525659,"ПАО ""МОСКОВСКИЙ КРЕДИТНЫЙ БАНК""",Москва,30101810745250000000
044525660,"КУ АКБ ""МИРЪ"" (АО) - ГК ""АСВ""",Москва,30101810145250000000
044525664,"КУ БАНК ""СОЛИДАРНОСТЬ"" АО - ГК ""АСВ""",Москва,30101810345250000000
044525666,"ПАО ""РосДорБанк""",Москва,30101810945250000000
044525672,"КУ АБ ""БПФ"" (ЗАО)-ГК ""АСВ""",Москва,30101810845250000000
044525673,"ООО ""Чайнасельхозбанк""",Москва,30101810900000000000
044525674,"""Русьуниверсалбанк"" (ООО)",Москва,30101810445250000000
044525675,"АКБ ""Держава"" ПАО",Москва,30101810745250000000
044525676,"Ликвидатор ПАО АРКБ ""Росбизнесбанк""-ГК ""АСВ""",Москва,30101810045250000000
044525677,"АО ""Яндекс Банк""",Москва,30101810345250000000
044525678,"ООО НКО ""МОБИ.Деньги""",Москва,30103810245250000000
044525679,"КУ ООО КБ ""Нэклис-Банк"" - ГК ""АСВ""",Москва,30101810945250000000
044525682,"Московский филиал ПАО КБ ""Восточный""",Москва,30101810945250000000
044525683,"ООО КБ ""Столичный Кредит""",Москва,30101810000000000000
044525685,"""СДМ-Банк"" (ПАО)",Москва,30101810845250000000
044525686,"КУ КБ ""АРСЕНАЛ"" ООО - ГК ""АСВ""",Москва,30101810145250000000
044525688,"Московский филиал АО ""Банк ""Агророс""",Москва,30101810745250000000
044525690,"КУ ООО КБ ""ИНСТРОЙБАНК"" ГК ""АСВ""",Москва,30101810445250000000
044525692,"КУ КБ ""МЕТРОПОЛЬ"" ООО - ГК ""АСВ""",Москва,30101810045250000000
044525694,"КУ ОАО АКБ ""ЛЕСБАНК""-ГК ""АСВ""",Москва,30101810645250000000
044525695,"КУ ОАО БАНК ""СОДРУЖЕСТВО""-ГК ""АСВ""",Москва,30101810945250000000
044525696,"НКО ""МКС"" (ООО)",Москва,30103810845250000000
044525699,"ООО ""ПроКоммерцБанк""",Москва,30101810145250000000
044525700,"АО ""Райффайзенбанк""",Москва,30101810200000000000
044525701,"РНКО ""Деньги.Мэйл.Ру"" (ООО)",Москва,30103810345250000000
044525703,"КУ АКБ ""ЕИБ"" ЗАО-ГК ""АСВ""",Москва,30101810345250000000
044525706,"ООО РНКО ""Единая касса""",Москва,30103810845250000000
044525709,"БАНК ""АГОРА"" ООО",Москва,30101810145250000000
044525710,"АО КБ ""АГРОПРОМКРЕДИТ""",Москва,30101810545250000000
044525713,"КУ ПАО ""ТАЙМ БАНК"" - ГК ""АСВ""",Москва,30101810445250000000
044525717,"ООО ""Америкэн Экспресс Банк""",Москва,30101810400000000000
044525718,"КУ ОАО КБ ""СТРОЙКРЕДИТ"" - ГК ""АСВ""",Москва,30101810945250000000
044525719,"КУ АКИБ ""ОБРАЗОВАНИЕ"" (АО) - ГК ""АСВ""",Москва,30101810245250000000
044525720,"РФ АО ""Россельхозбанк"" - ""ЦКБ""",Москва,30101810645250000000
044525728,"ООО ""СПЕЦСТРОЙБАНК""",Москва,30101810045250000000
044525729,"КУ АКБ ""ИНВЕСТБАНК"" (ОАО)-ГК ""АСВ""",Москва,30101810345250000000
044525731,"КУ АО ""АРКСБАНК"" - ГК ""АСВ""",Москва,30101810045250000000
044525732,"АО КБ ""Пойдём!""",Москва,30101810100000000000
044525733,"ООО ""Ю Би Эс Банк""",Москва,30101810400000000000
044525737,"КУ ООО КБ ""ПЕРВЫЙ ДЕПОЗИТНЫЙ"" - ГК ""АСВ""",Москва,30101810845250000000
044525738,"АО АБ ""Капитал""",Москва,30101810900000000000
044525739,"ООО ""банк Раунд""",Москва,30101810445250000000
044525744,"КУ АО КБ ""РУБАНК"" - ГК ""АСВ""",Москва,30101810045250000000
044525745,Филиал № 7701 Банка ВТБ (ПАО),Москва,30101810345250000000
044525746,"КУ АО ""СМАРТБАНК"" - ГК ""АСВ""",Москва,30101810645250000000
044525747,"МКИБ ""РОССИТА-БАНК"" ООО",Москва,30101810945250000000
044525748,КУ ЗАО МЕЖДУНАРОДНЫЙ ПРОМЫШЛЕННЫЙ БАНК-ГК АСВ,Москва,30101810000000000000
044525749,"КУ ""СОВЕРЕН БАНК"" (АО) - ГК ""АСВ""",Москва,30101810545250000000
044525754,Ф-л Азиатско-Тихоокеанский Банк АО в г.Москва,Москва,30101810145250000000
044525755,"КУ АО ""ТУСАРБАНК"" - ГК ""АСВ""",Москва,30101810445250000000
044525756,"КУ АКБ ""МАСТЕР-КАПИТАЛ"" (ОАО) - ГК ""АСВ""",Москва,30101810745250000000
044525757,"Московский филиал АО ""Банк Акцепт""",Москва,30101810045250000000
044525758,"ПАО ""Витабанк""",Подольск,30101810845374500000
044525760,"КУ БАНК РСБ 24 (АО) - ГК ""АСВ""",Москва,30101810045250000000
044525762,"КУ КБ ""ЕВРОТРАСТ"" (ЗАО) ГК ""АСВ""",Москва,30101810400000000000
044525766,"ООО ""Икано Банк""",Химки,30101810600000000000
044525767,"АО ""Кредит Европа Банк (Россия)""",Москва,30101810900000000000
044525769,ББР Банк (АО),Москва,30101810745250000000
044525770,"ООО ""БМВ Банк""",Москва,30101810145250000000
044525771,"ООО ""Промсельхозбанк""",Москва,30101810445250000000
044525773,"КУ АО ""Кросна-Банк"" - ГК ""АСВ""",Москва,30101810045250000000
044525774,"Филиал ""Возрождение"" АО ""БМ-Банк""",Москва,30101810345250000000
044525775,"КУ КБ ""Геобанк"" (ООО) - ГК ""АСВ""",Москва,30101810645250000000
044525776,"КУ АКБ ""ОБПИ"" (ПАО) - ГК ""АСВ""",Москва,30101810945250000000
044525777,"ООО ""Чайна Констракшн Банк""",Москва,30101810000000000000
044525779,"КУ ПАО М2М ПРАЙВЕТ БАНК - ГК ""АСВ""",Москва,30101810845250000000
044525782,"ООО ""Банк РСИ""",Москва,30101810845250000000
044525783,"КУ КБ ""РЭБ"" (АО) - ГК ""АСВ""",Москва,30101810145250000000
044525784,"КУ АКБ ""ВЕК"" (АО) - ГК ""АСВ""",Москва,30101810445250000000
044525787,"ПАО ""БАНК УРАЛСИБ""",Москва,30101810100000000000
044525789,"КУ КБ ""МРБ"" (ООО)"" - ГК ""АСВ""",Москва,30101810945250000000
044525795,"Московский филиал АО ""Солид Банк""",Москва,30101810845250000000
044525797,Ф Точка Банк КИВИ Банк (АО),Москва,30101810445250000000
044525800,"АО БАНК ""МОСКВА-СИТИ""",Москва,30101810345250000000
044525801,"ООО ""Бланк банк""",Москва,30101810645250000000
044525808,"ООО ""КЭБ ЭйчЭнБи Банк""",Москва,30101810500000000000
044525811,"ООО ""Драйв Клик Банк""",Москва,30101810500000000000
044525814,"КУ ООО ""Промрегионбанк"" - ГК ""АСВ""",Москва,30101810645250000000
044525815,Евразийский банк развития,Алматы,30101810700000000000
044525823,Банк ГПБ (АО),Москва,30101810200000000000
044525829,"КУ АКБ ""СЛАВЯНСКИЙ БАНК"" (ЗАО) ГК ""АСВ""",Москва,30101810000000000000
044525832,"КУ ЗАО ""МАБ"" - ГК ""АСВ""",Москва,30101810000000000000
044525843,Креди Агриколь КИБ АО (Московский филиал),Москва,30101810645250000000
044525845,"ПАО ""Норвик Банк""",Москва,30101810745374500000
044525852,"КБ ""НМБ"" ООО",Москва,30101810445250000000
044525857,"КУ ООО КБ ""РОСАВТОБАНК"" - ГК ""АСВ""",Москва,30101810945250000000
044525858,"Филиал ""ПростоБанк"" Банка ""КУБ"" (АО)",Москва,30101810245250000000
044525860,"""Республиканский Кредитный Альянс"" ООО",Москва,30101810945250000000
044525861,"КУ ООО КБ ""ЭРГОБАНК"" - ГК ""АСВ""",Москва,30101810000000000000
044525880,"Банк ""ВБРР"" (АО)",Москва,30101810900000000000
044525881,"КБ ""Крокус-Банк"" (ООО)",Красногорск,30101810445250000000
044525882,"КУ БАНК ""ЕВРОКРЕДИТ"" (ООО)-ГК ""АСВ""",Москва,30101810745250000000
044525887,"КУ КБ ""КРК"" (ОАО) - ГК ""АСВ""",Москва,30101810245250000000
044525893,"КУ АЙВИ БАНК (АО) - ГК ""АСВ""",Москва,30101810145250000000
044525895,"КУ ООО ""КБ ""МЕЖТРАСТБАНК"" - ГК ""АСВ""",Москва,30101810745250000000
044525899,"КУ ПАО ""БАНК ПРЕМЬЕР КРЕДИТ"" - ГК ""АСВ""",Москва,30101810945250000000
044525900,"ООО ""ФФИН Банк""",Москва,30101810245250000000
044525901,"АО КБ ""Соколовский""",Москва,30101810545250000000
044525902,"КУ ОАО ""НББ"" - ГК ""АСВ""",Москва,30101810845250000000
044525907,"КУ АКБ ""СВА"" (АО) - ГК ""АСВ""",Москва,30101810100000000000
044525910,"КУ КБ ""ХОЛДИНГ-КРЕДИТ"" ООО - ГК ""АСВ""",Москва,30101810345250000000
044525911,"АО ""ГУТА-БАНК""",Москва,30101810645250000000
044525917,Филиал ООО Банк Оранжевый в г. Москве,Москва,30101810445250000000
044525919,"Ликвидатор АКБ ""РЕСУРС-ТРАСТ"" (АО)",Москва,30101810045250000000
044525921,"КУ СБ БАНК (ООО) - ГК ""АСВ""",Москва,30101810745250000000
044525922,"АО ""Банк Интеза""",Москва,30101810800000000000
044525928,"КУ ЗАО КБ ""ЛАДА-КРЕДИТ"" - ГК ""АСВ""",Москва,30101810845250000000
044525930,"КУ АКБ ""Русский Трастовый Банк"" (АО) - ГК ""АСВ""",Москва,30101810545250000000
044525931,"Ликвидатор ООО КБ ""ПЛАТИНА"" - ГК ""АСВ""",Москва,30101810845250000000
044525932,"КУ БАНК ""КЛИЕНТСКИЙ"" (АО) - ГК ""АСВ""",Москва,30101810145250000000
044525933,"АКБ ""НРБанк"" (АО)",Москва,30101810200000000000
044525934,"НКО ""ИНКАХРАН"" (АО)",Москва,30103810345250000000
044525941,"КУ ""УМ-Банк"" ООО - ГК ""АСВ""",Москва,30101810945250000000
044525946,"КУ ПАО АКБ ""БАЛТИКА"" - ГК ""АСВ""",Москва,30101810445250000000
044525951,"КБ ""Москоммерцбанк"" (АО)",Москва,30101810045250000000
044525957,"КУ КБ ""ИНТЕРКРЕДИТ"" (АО) - ГК ""АСВ""",Москва,30101810845250000000
044525971,"КУ КБ ""ВИТЯЗЬ"" - (ООО) - ГК ""АСВ""",Москва,30101810245250000000
044525974,"АО ""Тинькофф Банк""",Москва,30101810145250000000
044525976,"АКБ ""Абсолют Банк"" (ПАО)",Москва,30101810500000000000
044525984,"АО Банк ""Развитие-Столица""",Москва,30101810000000000000
044525985,"ПАО Банк ""ФК Открытие""",Москва,30101810300000000000
044525986,"КУ ОАО АКБ ""ПРОБИЗНЕСБАНК"" - ГК ""АСВ""",Москва,30101810600000000000
044525993,"КУ ""РЕГНУМ БАНК"" (ООО) - ГК ""АСВ""",Москва,30101810045250000000
044525994,"КУ КБ ""НЕФТЯНОЙ АЛЬЯНС"" (ПАО) - ГК ""АСВ""",Москва,30101810345250000000
044525999,"Точка ПАО Банка ""ФК Открытие""",Москва,30101810845250000000
044705301,"ООО НКО ""МУРМАНСКИЙ РАСЧЕТНЫЙ ЦЕНТР""",Мурманск,30103810900000000000
044705615,МУРМАНСКОЕ ОТДЕЛЕНИЕ N8627 ПАО СБЕРБАНК,Мурманск,30101810300000000000
044705768,"БАНК ""МСКБ"" (АО)",Мурманск,30101810600000000000
044959698,НОВГОРОДСКОЕ ОТДЕЛЕНИЕ N 8629 ПАО СБЕРБАНК,Великий Новгород,30101810100000000000
044959722,"НОВГОРОДСКИЙ РФ АО ""РОССЕЛЬХОЗБАНК""",Великий Новгород,30101810500000000000
044959746,"ПАО УКБ ""НОВОБАНК""",Великий Новгород,30101810900000000000
044959775,"АО НКБ ""СЛАВЯНБАНК""",Великий Новгород,30101810900000000000
045004051,"Новосибирский филиал РНКО ""Р-ИНКАС"" (ООО)",Новосибирск,30103810450045000000
045004162,"Филиал АО АКБ ""НОВИКОМБАНК"" в г. Новосибирске",Новосибирск,30101810150045000000
045004641,СИБИРСКИЙ БАНК ПАО СБЕРБАНК,Новосибирск,30101810500000000000
045004701,"НОВОСИБИРСКИЙ ФИЛИАЛ АБ ""РОССИЯ""",Новосибирск,30101810950040000000
045004711,"Куйбышевский филиал АКБ ""Ланта-Банк"" (АО)",Куйбышев,30101810750045000000
045004719,ФИЛИАЛ № 5440 БАНКА ВТБ (ПАО),Новосибирск,30101810450040000000
045004725,"ФИЛИАЛ ПАО ""БАНК УРАЛСИБ"" В Г.НОВОСИБИРСК",Новосибирск,30101810400000000000
045004763,"ФИЛИАЛ ""ЦЕНТРАЛЬНЫЙ"" ПАО ""СОВКОМБАНК""",Бердск,30101810150040000000
045004774,"ФИЛИАЛ ""НОВОСИБИРСКИЙ"" АО ""АЛЬФА-БАНК""",Новосибирск,30101810600000000000
045004778,"ФИЛИАЛ БАНКА ""ВБРР"" (АО) В Г.НОВОСИБИРСКЕ",Новосибирск,30101810750040000000
045004783,"Ф-Л БАНКА ГПБ (АО) ""ЗАПАДНО-СИБИРСКИЙ""",Новосибирск,30101810400000000000
045004784,"НОВОСИБИРСКИЙ РФ АО ""РОССЕЛЬХОЗБАНК""",Новосибирск,30101810700000000000
045004799,"СИБИРСКИЙ ФИЛИАЛ АО ""РАЙФФАЙЗЕНБАНК""",Новосибирск,30101810300000000000
045004815,"АО ""БАНК АКЦЕПТ""",Новосибирск,30101810200000000000
045004816,"СИБИРСКИЙ Ф-Л ПАО ""ПРОМСВЯЗЬБАНК""",Новосибирск,30101810500000000000
045004818,НОВОСИБИРСКИЙ ФИЛИАЛ АО ЮНИКРЕДИТ БАНКА,Новосибирск,30101810050040000000
045004832,"РНКО ""ПЛАТЕЖНЫЙ ЦЕНТР"" (ООО)",Новосибирск,30103810100000000000
045004833,"НОВОСИБИРСКИЙ ФИЛИАЛ ООО ""БАНК БКФ""",Новосибирск,30101810750040000000
045004837,"НФ АКБ ""ЛАНТА-БАНК"" (АО)",Новосибирск,30101810000000000000
045004850,"БАНК ""ЛЕВОБЕРЕЖНЫЙ"" (ПАО)",Новосибирск,30101810100000000000
045004861,"Филиал АО ""Экспобанк"" в г. Новосибирске",Новосибирск,30101810450040000000
045004864,"""Хайс"" Филиал АО КБ ""Модульбанк""",Новосибирск,30101810350040000000
045004867,"Ф-Л СИБИРСКИЙ ПАО БАНК ""ФК ОТКРЫТИЕ""",Новосибирск,30101810250040000000
045004883,"СИБИРСКИЙ ФИЛИАЛ АО ""БАНК ИНТЕЗА""",Новосибирск,30101810250040000000
045004888,"ф-л ""Невский"" ПАО ""Банк ""Санкт-Петербург""",Новосибирск,30101810450045000000
045209673,ОМСКОЕ ОТДЕЛЕНИЕ N 8634 ПАО СБЕРБАНК,Омск,30101810900000000000
045209701,"ГК АСВ конкурсный управляющий АО ""Эксперт Банк""",Омск,30101810450045200000
045209702,"АО ""ИТ Банк""",Омск,30101810750045200000
045209703,"КУ АО ""Мираф-Банк"" - ГК ""АСВ""",Омск,30101810050045200000
045209713,"КУ БАНК ""СИБЭС"" (АО) - ГК ""АСВ""",Омск,30101810200000000000
045209777,"ФИЛИАЛ ""ОМСКИЙ"" АО ""ОТП БАНК""",Омск,30101810000000000000
045209822,"ОМСКИЙ РФ АО ""РОССЕЛЬХОЗБАНК""",Омск,30101810900000000000
045209885,"НКО ""ПЕРСПЕКТИВА"" (ООО)",Омск,30103810052090000000
045306818,"ГК ""АСВ"" - КУ ОАО ИНВЕСТБАНК ""БЗЛ""",Самара,30101810900000000000
045354601,ОРЕНБУРГСКОЕ ОТДЕЛЕНИЕ N8623 ПАО СБЕРБАНК,Оренбург,30101810600000000000
045354814,"ПАО ""НИКО-БАНК""",Оренбург,30101810400000000000
045354816,"ОРЕНБУРГСКИЙ РФ АО ""РОССЕЛЬХОЗБАНК""",Оренбург,30101810000000000000
045354817,"ОРЕНБУРГСКИЙ ФИЛИАЛ АО КБ ""АГРОПРОМКРЕДИТ""",Оренбург,30101810300000000000
045354860,"АКБ ""ФОРШТАДТ"" (АО)",Оренбург,30101810700000000000
045354880,"ГК ""АСВ"" - КУ АО ""НСТ-БАНК""",Москва,30101810265775300000
045354885,"АО ""БАНК ОРЕНБУРГ""",Оренбург,30101810400000000000
045402601,ОРЛОВСКОЕ ОТДЕЛЕНИЕ N8595 ПАО СБЕРБАНК,Орёл,30101810300000000000
045402704,"ФИЛИАЛ ""БАНКА ЗАРЕЧЬЕ"" (АО) В Г. ОРЛЕ",Орёл,30101810100000000000
045402719,"КУ БАНК ""ЦЕРИХ"" (ЗАО)-ГК ""АСВ""",Орёл,30101810700000000000
045402725,"ОРЛОВСКИЙ ФИЛИАЛ АКБ ""ЛАНТА-БАНК"" (АО)",Орёл,30101810600000000000
045402751,"ОРЛОВСКИЙ РФ АО ""РОССЕЛЬХОЗБАНК""",Орёл,30101810700000000000
045655635,ПЕНЗЕНСКОЕ ОТДЕЛЕНИЕ N8624 ПАО СБЕРБАНК,Пенза,30101810000000000000
045655707,"ПАО БАНК ""КУЗНЕЦКИЙ""",Пенза,30101810200000000000
045655718,"ПЕНЗЕНСКИЙ РФ АО ""РОССЕЛЬХОЗБАНК""",Пенза,30101810600000000000
045773705,"АО АКИБ ""ПОЧТОБАНК""",Пермь,30101810400000000000
045773707,"КОНКУРСНЫЙ УПР. ОАО АКБ ""ЭКОПРОМБАНК""-ГК""АСВ""",Пермь,30101810000000000000
045773712,"ПЕРМСКИЙ Ф-Л ПАО АКБ ""МЕТАЛЛИНВЕСТБАНК""",Пермь,30101810600000000000
045773713,"ФИЛИАЛ АКБ ""ФОРА-БАНК"" (АО) В Г.ПЕРМИ",Пермь,30101810900000000000
045773756,БАНК ПЕРМЬ (АО),Пермь,30101810200000000000
045773764,"ЛИКВИДАТОР АКБ ""ПРОИНВЕСТБАНК"" (АО) - ГК ""АСВ""",Москва,30101810700000000000
045773790,"АО КБ ""Урал ФД""",Пермь,30101810800000000000
045773804,"ФИЛИАЛ ""ЛЫСЬВА"" АО АКБ ""АЛЕФ-БАНК""",Лысьва,30101810965775700000
045773808,"Ф-Л БАНКА ГПБ (АО) ""ЗАПАДНО-УРАЛЬСКИЙ""",Пермь,30101810200000000000
045773843,"ФИЛИАЛ ""СДМ-БАНК"" (ПАО) В Г.ПЕРМИ",Пермь,30101810357730000000
045773873,ПЕРМСКИЙ ФИЛИАЛ АО ЮНИКРЕДИТ БАНКА,Пермь,30101810400000000000
045773897,"ПЕРМСКИЙ РФ АО ""РОССЕЛЬХОЗБАНК""",Пермь,30101810800000000000
045805602,ПСКОВСКОЕ ОТДЕЛЕНИЕ N 8630 ПАО СБЕРБАНК,Псков,30101810300000000000
045805722,ФИЛИАЛ ЭКСИ-БАНК (АО) ПСКОВСКИЙ,Псков,30101810400000000000
045805755,"ФИЛИАЛ АКБ ""СЛАВИЯ"" (АО) В Г. ПСКОВ",Псков,30101810600000000000
045805772,"ПСКОВСКИЙ РФ АО ""РОССЕЛЬХОЗБАНК""",Псков,30101810900000000000
045853729,"АО ""ВЕЛИКИЕ ЛУКИ БАНК""",Великие Луки,30101810200000000000
045853774,"АО КБ ""ВАКОБАНК""",Великие Луки,30101810200000000000
046014327,"ФИЛИАЛ ""РОСТОВСКИЙ"" АО ""ОТП БАНК""",Гуково,30101810660140000000
046014336,"ФМКБ ""ДОН-ТЕКСБАНК"" ООО В Г.НОВОШАХТИНСКЕ",Новошахтинск,30101810460140000000
046014718,"МКБ ""ДОН-ТЕКСБАНК"" ООО",Шахты,30101810500000000000
046015050,Филиал № 1 АО МОСОБЛБАНК,Ростов-на-Дону,30101810160150000000
046015051,"Ф-Л АКБ ""ФОРА-БАНК"" (АО) В Г.РОСТОВ-НА-ДОНУ",Ростов-на-Дону,30101810460150000000
046015052,"ООО КБ ""РОСТФИНАНС""",Ростов-на-Дону,30101810760150000000
046015061,"ФИЛИАЛ ЮЖНЫЙ ПАО БАНКА ""ФК ОТКРЫТИЕ""",Ростов-на-Дону,30101810560150000000
046015064,"ЮЖНЫЙ ФИЛИАЛ АО ""БАНК ИНТЕЗА""",Ростов-на-Дону,30101810460150000000
046015066,"Ф-Л АО АКБ ""НОВИКОМБАНК"" В Г.РОСТОВЕ-НА-ДОНУ",Ростов-на-Дону,30101810060150000000
046015068,"ДОНСКОЙ ФИЛИАЛ АО КБ ""СИТИБАНК""",Ростов-на-Дону,30101810660150000000
046015075,РОСТОВСКИЙ ФИЛИАЛ ЦМРБАНК (ООО),Ростов-на-Дону,30101810860150000000
046015078,"ООО ""ЗЕМКОМБАНК""",Ростов-на-Дону,30101810760150000000
046015081,РОСТОВСКИЙ ФИЛИАЛ АО ЮНИКРЕДИТ БАНКА,Ростов-на-Дону,30101810760150000000
046015207,"ФИЛИАЛ ""РОСТОВСКИЙ"" АО ""АЛЬФА-БАНК""",Ростов-на-Дону,30101810500000000000
046015211,"РОСТОВСКИЙ РФ АО ""РОССЕЛЬХОЗБАНК""",Ростов-на-Дону,30101810800000000000
046015234,"Филиал РРУ АО ""МИнБанк""",Ростов-на-Дону,30101810900000000000
046015239,ЮЖНЫЙ ФИЛИАЛ ПАО РОСБАНК,Ростов-на-Дону,30101810400000000000
046015300,"ЮЖНЫЙ ФИЛИАЛ ПАО КБ ""ВОСТОЧНЫЙ""",Ростов-на-Дону,30101810300000000000
046015602,ЮГО-ЗАПАДНЫЙ БАНК ПАО СБЕРБАНК,Ростов-на-Дону,30101810600000000000
046015728,"КУ АКБ ""Капиталбанк"" (ПАО) - ГК ""АСВ""",Москва,30101810500000000000
046015761,"КУ ПАО ""ДОНХЛЕББАНК""- ГК ""АСВ""",Москва,30101810800000000000
046015762,"ПАО КБ ""ЦЕНТР-ИНВЕСТ""",Ростов-на-Дону,30101810100000000000
046015804,"ПАО ""ДОНКОМБАНК""",Ростов-на-Дону,30101810000000000000
046015846,"КУ ОАО КБ ""Максимум"" - ГК ""АСВ""",Москва,30101810060150000000
046015860,"ПАО КБ ""СЕЛЬМАШБАНК""",Ростов-на-Дону,30101810400000000000
046015872,"КУ ООО КБ ""Донинвест"" - ГК ""АСВ""",Москва,30101810100000000000
046015913,"ФМКБ ""ДОН-ТЕКСБАНК""ООО В Г.РОСТОВЕ-НА-ДОНУ",Ростов-на-Дону,30101810700000000000
046015938,"КУ АО АКБ ""Стелла-Банк"" - ГК ""АСВ""",Москва,30101810400000000000
046015946,"АО ""Таганрогбанк""",Таганрог,30101810960150000000
046015961,"КУ ООО КБ ""Кредит Экспресс"" - ГК ""АСВ""",Москва,30101810600000000000
046015999,ФИЛИАЛ БАНКА ВТБ (ПАО) В Г. РОСТОВЕ-НА-ДОНУ,Ростов-на-Дону,30101810300000000000
046126614,РЯЗАНСКОЕ ОТДЕЛЕНИЕ N 8606 ПАО СБЕРБАНК,Рязань,30101810500000000000
046126701,"БАНК ""ВЯТИЧ"" (ПАО)",Рязань,30101810400000000000
046126708,ПРИО-ВНЕШТОРГБАНК (ПАО),Рязань,30101810500000000000
046126744,"ООО ""ЖИВАГО БАНК""",Рязань,30101810700000000000
046126790,"КУ ООО РИКБ ""РИНВЕСТБАНК"" - ГК ""АСВ""",Москва,30101810000000000000
046126793,"РЯЗАНСКИЙ РФ АО ""РОССЕЛЬХОЗБАНК""",Рязань,30101810900000000000
046311722,"АО ""ЭКОНОМБАНК""",Саратов,30101810100000000000
046311751,"КУ АО ""НВКбанк"" - ГК ""АСВ""",Москва,30101810100000000000
046311755,"ООО БАНК ""САРАТОВ""",Саратов,30101810300000000000
046311772,"АО ""БАНК ""АГРОРОС""",Саратов,30101810600000000000
046311843,"САРАТОВСКИЙ РФ АО ""РОССЕЛЬХОЗБАНК""",Саратов,30101810500000000000
046311887,"САРАТОВСКИЙ ФИЛИАЛ ПАО ""МЕТКОМБАНК""",Саратов,30101810663110000000
046311890,"АО ""БАЛАКОВО-БАНК""",Балаково,30101810022026300000
046311902,"АО ""Свой Банк""",Москва,30101810622026300000
046401444,"Филиал АО ""Экспобанк"" в г. Южно-Сахалинске",Южно-Сахалинск,30101810864010000000
046401727,"КБ ""Долинск"" (АО)",Южно-Сахалинск,30101810300000000000
046401728,"КУ ОАО ""Тихоокеанский Внешторгбанк"" - ГК ""АСВ""",Москва,30101810600000000000
046401747,"САХАЛИНСКИЙ РФ АО ""РОССЕЛЬХОЗБАНК""",Южно-Сахалинск,30101810500000000000
046401772,"Банк ""ИТУРУП"" (ООО)",Южно-Сахалинск,30101810300000000000
046401989,"АО РНКО ""ХОЛМСК""",Южно-Сахалинск,30103810864010000000
046510805,"КУ АО ""Тагилбанк"" - ГК ""АСВ""",Москва,30101810800000000000
046577402,"АО ""ПЕРВОУРАЛЬСКБАНК""",Первоуральск,30101810565770000000
046577403,"ЕФ АО ""СМП БАНК""",Екатеринбург,30101810865770000000
046577406,"КУ ПАО ""УРАЛТРАНСБАНК"" - ГК ""АСВ""",Екатеринбург,30101810765770000000
046577409,"ЕКАТЕРИНБУРГСКИЙ ФИЛИАЛ БАНКА ""ВЯТИЧ"" (ПАО)",Екатеринбург,30101810665770000000
046577411,"Ф-Л БАНКА ГПБ (АО) ""УРАЛЬСКИЙ""",Екатеринбург,30101810365770000000
046577418,Ф-л Азиатско-Тихоокеанский Банк АО в г.Екат-г,Екатеринбург,30101810465770000000
046577420,"УРАЛЬСКИЙ ФИЛИАЛ ПАО КБ ""ВОСТОЧНЫЙ""",Екатеринбург,30101810165770000000
046577422,ЕКАТЕРИНБУРГСКИЙ ФИЛИАЛ БАНКА СОЮЗ (АО),Екатеринбург,30101810765770000000
046577446,"ФИЛИАЛ ПАО ""БАНК УРАЛСИБ"" В Г. ЕКАТЕРИНБУРГ",Екатеринбург,30101810165770000000
046577501,ФИЛИАЛ № 6602 БАНКА ВТБ (ПАО),Екатеринбург,30101810165770000000
046577507,"ЕКАТЕРИНБУРГСКИЙ ФИЛИАЛ АБ ""РОССИЯ""",Екатеринбург,30101810965770000000
046577517,"Филиал ""Уральский"" АО КБ ""Солидарность""",Екатеринбург,30101810065770000000
046577674,УРАЛЬСКИЙ БАНК ПАО СБЕРБАНК,Екатеринбург,30101810500000000000
046577743,"ФИЛИАЛ ""ДЕЛО"" ПАО БАНК СИНАРА",Екатеринбург,30101810965770000000
046577756,ПАО Банк Синара,Екатеринбург,30101810800000000000
046577774,"ЛИКВИДАТОР БАНК ""НЕЙВА"" ООО - ГК ""АСВ""",Екатеринбург,30101810400000000000
046577781,"АО ""ВУЗ-БАНК""",Екатеринбург,30101810600000000000
046577795,"ПАО КБ ""УБРИР""",Екатеринбург,30101810900000000000
046577881,"ПАО ""МЕТКОМБАНК""",Каменск-Уральский,30101810500000000000
046577896,"УРАЛЬСКИЙ ФИЛИАЛ АО КБ ""СИТИБАНК""",Екатеринбург,30101810100000000000
046577903,УРАЛЬСКИЙ ФИЛИАЛ ПАО РОСБАНК,Екатеринбург,30101810200000000000
046577904,"ПАО ""БАНК ""ЕКАТЕРИНБУРГ""",Екатеринбург,30101810500000000000
046577906,"УРАЛЬСКИЙ ФИЛИАЛ АО ""РАЙФФАЙЗЕНБАНК""",Екатеринбург,30101810100000000000
046577909,"УРАЛЬСКИЙ ФИЛИАЛ АО ""БАНК ИНТЕЗА""",Екатеринбург,30101810000000000000
046577922,"СВЕРДЛОВСКИЙ РФ АО ""РОССЕЛЬХОЗБАНК""",Екатеринбург,30101810100000000000
046577952,ФИЛИАЛ БАНКА ВТБ (ПАО) В Г. ЕКАТЕРИНБУРГЕ,Екатеринбург,30101810400000000000
046577964,"ФИЛИАЛ ""ЕКАТЕРИНБУРГСКИЙ"" АО ""АЛЬФА-БАНК""",Екатеринбург,30101810100000000000
046577971,ЕКАТЕРИНБУРГСКИЙ ФИЛИАЛ АО ЮНИКРЕДИТ БАНКА,Екатеринбург,30101810300000000000
046577975,"УРАЛЬСКИЙ Ф-Л ПАО ""ПРОМСВЯЗЬБАНК""",Екатеринбург,30101810500000000000
046577993,"ООО КБ ""УРАЛФИНАНС""",Екатеринбург,30101810100000000000
046614632,СМОЛЕНСКОЕ ОТДЕЛЕНИЕ N8609 ПАО СБЕРБАНК,Смоленск,30101810000000000000
046614748,"КУ БАНК ""СМОЛЕВИЧ"" (ПАО)-ГК ""АСВ""",Москва,30101810566140000000
046614754,"КУ ОАО ""СМОЛ БАНК""-ГК ""АСВ""",Москва,30101810700000000000
046614776,"СМОЛЕНСКИЙ РФ АО ""РОССЕЛЬХОЗБАНК""",Смоленск,30101810500000000000
046711106,"КУ ПАО БАНК ""ВВБ"" - ГК ""АСВ""",Москва,30101810467110000000
046711119,"СЕВАСТОПОЛЬСКИЙ Ф-Л ПАО ""ПРОМСВЯЗЬБАНК""",Севастополь,30101810545376700000
046850649,ТАМБОВСКОЕ ОТДЕЛЕНИЕ N8594 ПАО СБЕРБАНК,Тамбов,30101810800000000000
046850713,"ТАМБОВСКИЙ РФ АО ""РОССЕЛЬХОЗБАНК""",Тамбов,30101810600000000000
046850755,"АО БАНК ""ТКПБ""",Тамбов,30101810600000000000
046902606,ТОМСКОЕ ОТДЕЛЕНИЕ N8616 ПАО СБЕРБАНК,Томск,30101810800000000000
046902711,"ТОМСКИЙ РФ АО ""РОССЕЛЬХОЗБАНК""",Томск,30101810300000000000
046902728,"ПАО ""ТОМСКПРОМСТРОЙБАНК""",Томск,30101810500000000000
046902758,Ф-Л БАНКА ГПБ (АО) В Г. ТОМСКЕ,Томск,30101810800000000000
047003608,ТУЛЬСКОЕ ОТДЕЛЕНИЕ N8604 ПАО СБЕРБАНК,Тула,30101810300000000000
047003715,"Тульский РФ АО ""Россельхозбанк""",Тула,30101810400000000000
047003716,"Ф-л Банка ГПБ (АО) ""Среднерусский""",Тула,30101810700000000000
047003764,"ТУЛЬСКИЙ ФИЛИАЛ АБ ""РОССИЯ""",Тула,30101810600000000000
047003779,"КУ КБ ""ПЕРВЫЙ ЭКСПРЕСС"" (ОАО) ГК ""АСВ""",Москва,30101810200000000000
047003792,"Филиал ""Тульский"" ООО КБ ""АРЕСБАНК""",Тула,30101810300000000000
047102622,"ТЮМЕНСКИЙ РФ АО ""РОССЕЛЬХОЗБАНК""",Тюмень,30101810800000000000
047102651,ЗАПАДНО-СИБИРСКОЕ ОТДЕЛЕНИЕ№8647 ПАО СБЕРБАНК,Тюмень,30101810800000000000
047102658,"КБ ""СТРОЙЛЕСБАНК"" (ООО)",Тюмень,30101810900000000000
047102802,"ООО КБ ""ДРУЖБА""",Тюмень,30101810565777100000
047102804,"КУ БАНК СБРР (ООО) - ГК ""АСВ""",Тюмень,30101810000000000000
047102861,"КУ ОАО ""СИБНЕФТЕБАНК"" - ГК ""АСВ""",Тюмень,30101810700000000000
047102870,"ТФ АО БАНК ""СНГБ""",Тюмень,30101810500000000000
047102885,"КУ ЗАО ""ТЮМЕНЬАГРОПРОМБАНК""-ГК ""АСВ""",Тюмень,30101810100000000000
047144709,"АО БАНК ""СНГБ""",Сургут,30101810600000000000
047144721,Ф-Л БАНКА ГПБ (АО) В Г. СУРГУТЕ,Сургут,30101810400000000000
047144778,"СФ АО БАНК ""СНГБ""",Сургут,30101810165777100000
047162812,"Ф-Л ЗАПАДНО-СИБИРСКИЙ ПАО БАНКА ""ФК ОТКРЫТИЕ""",Ханты-Мансийск,30101810465777100000
047169742,"АО БАНК ""ЕРМАК""",Нижневартовск,30101810000000000000
047169777,"АО КБ ""ПРИОБЬЕ""",Нижневартовск,30101810800000000000
047173611,"НЕФТЕЮГАНСКИЙ ФИЛИАЛ БАНКА ""ВБРР"" (АО)",Нефтеюганск,30101810400000000000
047186825,Ф-Л БАНКА ГПБ (АО) В Г. НОВОМ УРЕНГОЕ,Новый Уренгой,30101810665777100000
047308602,УЛЬЯНОВСКОЕ ОТДЕЛЕНИЕ N8588 ПАО СБЕРБАНК,Ульяновск,30101810000000000000
047308811,"ГК ""АСВ"" - КУ ОАО ГБ ""СИМБИРСК""",Самара,30101810600000000000
047308813,"АО БАНК ""ВЕНЕЦ""",Ульяновск,30101810200000000000
047308815,"КУ ПВ-БАНК (ЗАО) ГК ""АСВ""",Москва,30101810800000000000
047308818,"ГК ""АСВ"" - КУ АО БАНК ""РКБ""",Самара,30101810522027300000
047308897,"УЛЬЯНОВСКИЙ РФ АО ""РОССЕЛЬХОЗБАНК""",Ульяновск,30101810200000000000
047501602,ЧЕЛЯБИНСКОЕ ОТДЕЛЕНИЕ N8597 ПАО СБЕРБАНК,Челябинск,30101810700000000000
047501711,"ПАО ""ЧЕЛИНДБАНК""",Челябинск,30101810400000000000
047501742,"КУ ЗАО КБ ""УРАЛЛИГА""",Москва,30101810000000000000
047501751,"КУ БАНК ""РЕЗЕРВ"" (АО)",Москва,30101810800000000000
047501779,"ПАО ""ЧЕЛЯБИНВЕСТБАНК""",Челябинск,30101810400000000000
047501787,"АО ""УГЛЕМЕТБАНК""",Челябинск,30101810275010000000
047501799,"БАНК ""СНЕЖИНСКИЙ"" АО",Снежинск,30101810600000000000
047501821,"ЧЕЛЯБИНСКИЙ РФ АО ""РОССЕЛЬХОЗБАНК""",Челябинск,30101810400000000000
047501830,"ФИЛИАЛ ""ЧЕЛЯБИНСКИЙ"" АО ""ОТП БАНК""",Челябинск,30101810200000000000
047501843,"КУ ООО ""УИК-БАНК""",Москва,30101810200000000000
047501906,"АО ""УРАЛПРОМБАНК""",Челябинск,30101810600000000000
047501982,ЧЕЛЯБИНСКИЙ ФИЛИАЛ АО ЮНИКРЕДИТ БАНКА,Челябинск,30101810200000000000
047501988,"ЧФ АО ""СМП БАНК""",Челябинск,30101810000000000000
047516949,"БАНК ""КУБ"" (АО)",Магнитогорск,30101810700000000000
047601205,КУ ООО КБ Центрально-Европейский Банк-ГК АСВ,Москва,30101810950040000000
047601637,ЧИТИНСКОЕ ОТДЕЛЕНИЕ N8600 ПАО СБЕРБАНК,Чита,30101810500000000000
047601740,"ЧИТИНСКИЙ РФ АО ""РОССЕЛЬХОЗБАНК""",Чита,30101810400000000000
047888372,"АО ""БУЛГАР БАНК"" - КУ ГК ""АСВ""",Ярославль,30101810645250000000
047888710,"ФИЛИАЛ АКБ ""ФОРА-БАНК"" (АО) В Г.ЯРОСЛАВЛЬ",Ярославль,30101810800000000000
047888717,"ЯРОСЛАВСКИЙ РФ АО ""РОССЕЛЬХОЗБАНК""",Ярославль,30101810900000000000
047888728,"ИКБР ""ЯРИНТЕРБАНК"" (ООО)",Ярославль,30101810300000000000
047888740,"КУ ПАО ""О.К. БАНК"" - ГК ""АСВ""",Москва,30101810278880000000
047888760,"ЯРОСЛАВСКИЙ Ф-Л ПАО ""ПРОМСВЯЗЬБАНК""",Ярославль,30101810300000000000
047908700,"КУ ПАО АКБ ""НОВАЦИЯ"" - ГК ""АСВ""",Москва,30101810300000000000
048073601,БАШКИРСКОЕ ОТДЕЛЕНИЕ N8598 ПАО СБЕРБАНК,Уфа,30101810300000000000
048073765,"КОНКУР.УПРАВ.ОАО БАНК ""ПСБ""-ГК АСВ",Москва,30101810480730000000
048073770,"ФИЛИАЛ ПАО ""БАНК УРАЛСИБ"" В Г.УФА",Уфа,30101810600000000000
048073809,"КУ ООО ""УРАЛКАПИТАЛБАНК"" - ГК ""АСВ""",Москва,30101810500000000000
048073842,"КУ РОСКОМСНАББАНК (ПАО) - ГК ""АСВ""",Уфа,30101810800000000000
048073846,БАНК ПТБ (ООО),Уфа,30101810000000000000
048073855,"КОНКУР.УПРАВ.ОАО ""АФ БАНК""-ГК АСВ",Москва,30101810800000000000
048073875,"ФИЛИАЛ ""ИНВЕСТКАПИТАЛБАНК"" АО ""СМП БАНК""",Уфа,30101810480730000000
048073928,Ф-Л БАНКА ГПБ (АО) В Г.УФЕ,Уфа,30101810300000000000
048073934,"БАШКИРСКИЙ РФ АО ""РОССЕЛЬХОЗБАНК""",Уфа,30101810200000000000
048073948,БАШКИРСКИЙ ФИЛИАЛ АО ЮНИКРЕДИТ БАНКА,Уфа,30101810980730000000
048073949,"ФИЛИАЛ ""БАШКОРТОСТАН"" АО КБ ""СИТИБАНК""",Уфа,30101810280730000000
048142604,БУРЯТСКОЕ ОТДЕЛЕНИЕ N8601 ПАО СБЕРБАНК,Улан-Удэ,30101810400000000000
048142727,"БУРЯТСКИЙ РФ АО ""РОССЕЛЬХОЗБАНК""",Улан-Удэ,30101810400000000000
048142736,"КУ БАЙКАЛБАНК (ПАО)-ГК ""АСВ""",Улан-Удэ,30101810200000000000
048142744,Ф-л Азиатско-Тихоокеанский Банк АО г.Улан-Удэ,Улан-Удэ,30101810700000000000
048209395,"РНКО ""ПРОМСВЯЗЬИНВЕСТ"" (ООО)",Махачкала,30103810982090000000
048209742,"КУ ООО ""ЭСИДБАНК"" ГК ""АСВ""",Махачкала,30101810200000000000
048209744,"КУ АИБ ""ИМБАНК"" (ОАО) ГК ""АСВ""",Махачкала,30101810800000000000
048209755,"КУ АО АКБ ""ЭЛЬБИН"" ГК ""АСВ""",Махачкала,30101810200000000000
048209775,"ООО КБ ""МВС БАНК""",Махачкала,30101810400000000000
048209793,"ДАГЕСТАНСКИЙ РФ АО ""РОССЕЛЬХОЗБАНК""",Махачкала,30101810000000000000
048209880,"ФИЛИАЛ КБ ""РБА"" (ООО) В Г.МАХАЧКАЛА",Махачкала,30101810900000000000
048209918,"КУ ОАО АКБ ""ЭКСПРЕСС"" ГК ""АСВ""",Махачкала,30101810500000000000
048209964,"КУ ООО ""ДАГЭНЕРГОБАНК"" ГК ""АСВ""",Махачкала,30101810800000000000
048327710,"КАБАРДИНО-БАЛКАРСКИЙ РФ АО ""РОССЕЛЬХОЗБАНК""",Нальчик,30101810100000000000
048327741,"БАНК ""НАЛЬЧИК"" ООО",Нальчик,30101810700000000000
048327749,"КУ ""БУМ-БАНК"",ООО - ГК ""АСВ""",Москва,30101810100000000000
048327780,"Ф-Л СЕВЕРО-КАВКАЗСКИЙ ПАО БАНК ""ФК ОТКРЫТИЕ""",Нальчик,30101810083270000000
048405602,ГОРНО-АЛТАЙСКОЕ ОТДЕЛЕНИЕ N8558 ПАО СБЕРБАНК,Горно-Алтайск,30101810300000000000
048405718,"АКБ ""НООСФЕРА"" (АО)",Горно-Алтайск,30101810100000000000
048580724,"КУ ОАО ККБ ""КРЕДИТБАНК""- ГК ""АСВ""",Москва,30101810900000000000
048602673,КАРЕЛЬСКОЕ ОТДЕЛЕНИЕ N8628 ПАО СБЕРБАНК,Петрозаводск,30101810600000000000
048702640,КОМИ ОТДЕЛЕНИЕ N8617 ПАО СБЕРБАНК,Сыктывкар,30101810400000000000
048702739,"КОМИ РФ АО ""РОССЕЛЬХОЗБАНК""",Сыктывкар,30101810900000000000
048702781,"""Северный Народный Банк"" (АО)",Сыктывкар,30101810000000000000
048717785,"""Северный Народный Банк"" (АО) Ф-л в г. Ухта",Ухта,30101810000000000000
048718777,"""Северный Народный Банк"" (АО) Ф-л в г. Усинск",Усинск,30101810440300100000
048860630,ОТДЕЛЕНИЕ МАРИЙ ЭЛ N8614 ПАО СБЕРБАНК,Йошкар-Ола,30101810300000000000
048860721,"МАРИЙСКИЙ РФ АО ""РОССЕЛЬХОЗБАНК""",Йошкар-Ола,30101810400000000000
048860734,"НКО ""МОНЕТА"" (ООО)",Йошкар-Ола,30103810000000000000
048860889,"БАНК ""ЙОШКАР-ОЛА"" (ПАО)",Йошкар-Ола,30101810300000000000
048952615,МОРДОВСКОЕ ОТДЕЛЕНИЕ N8589 ПАО СБЕРБАНК,Саранск,30101810100000000000
048952749,"КУ АО ""КС БАНК"" - ГК ""АСВ""",Москва,30101810500000000000
048952750,"МОРДОВСКИЙ РФ АО ""РОССЕЛЬХОЗБАНК""",Саранск,30101810900000000000
048952752,"КУ АО ""АКТИВ БАНК"" - ГК ""АСВ""",Москва,30101810500000000000
049033199,НАЦИОНАЛЬНЫЙ БАНК РЕСПУБЛИКИ ЮЖНАЯ ОСЕТИЯ,Цхинвал,30111810990330000000
049033746,"КУ ПАО АКБ ""1БАНК"" ГК ""АСВ""",Москва,30101810900000000000
049033758,"АО ""Классик Эконом Банк""",Владикавказ,30101810600000000000
049033764,"КУ АКБ ""БРР"" (ОАО) ГК ""АСВ""",Москва,30101810500000000000
049033780,"КУ ИАБ ""ДИГ-БАНК"" (ОАО) ГК ""АСВ""",Москва,30101810500000000000
049133812,"КУ ООО КБ ""РАЗВИТИЕ""-ГК ""АСВ""",Москва,30101810300000000000
049205131,"ООО ""Банк 131""",Казань,30101810822029200000
049205525,"ООО ""Камкомбанк""",Набережные Челны,30101810522029200000
049205555,"ТФ АО ""СМП Банк""",Казань,30101810322029200000
049205603,"ОТДЕЛЕНИЕ ""БАНК ТАТАРСТАН"" N8610 ПАО СБЕРБАНК",Казань,30101810600000000000
049205702,"ФИЛИАЛ ""ПРИВОЛЖСКИЙ"" ПАО БАНК ЗЕНИТ",Казань,30101810200000000000
049205703,"АО ""ТАТСОЦБАНК""",Казань,30101810500000000000
049205706,"ТАТАРСТАНСКИЙ РФ АО ""РОССЕЛЬХОЗБАНК""",Казань,30101810400000000000
049205708,"КУ ООО ""ТАТАГРОПРОМБАНК"" - ГК ""АСВ""",Москва,30101810000000000000
049205734,Ф-Л БАНКА ГПБ (АО) В Г. КАЗАНИ,Казань,30101810100000000000
049205770,"АКБ ""Энергобанк"" (АО)",Казань,30101810300000000000
049205772,"""БАНК ЗАРЕЧЬЕ"" (АО)",Казань,30101810900000000000
049205774,"ООО БАНК ""АВЕРС""",Казань,30101810500000000000
049205795,"ООО""АВТОКРЕДИТБАНК""",Казань,30101810000000000000
049205804,"КУ ПАО ""ИНТЕХБАНК"" - ГК ""АСВ""",Москва,30101810700000000000
049205805,"ПАО ""АК БАРС"" БАНК",Казань,30101810000000000000
049205815,"КУ ПАО ""ТАТФОНДБАНК"" - ГК ""АСВ""",Москва,30101810100000000000
049205844,"ООО КБЭР ""БАНК КАЗАНИ""",Казань,30101810100000000000
049205858,"КУ АКБ ""СПУРТ"" (ПАО) - ГК ""АСВ""",Москва,30101810400000000000
049205878,"АО ""Автоградбанк""",Набережные Челны,30101810622029200000
049205910,"КАЗАНСКИЙ ФИЛИАЛ АО ""АВТОГРАДБАНК""",Казань,30101810500000000000
049205919,"ООО ""АЛТЫНБАНК""",Казань,30101810200000000000
049205931,"ГК ""АСВ"" - КУ ООО КБ ""Камский горизонт""",Москва,30101810022029200000
049205933,"ПАО ""АКИБАНК""",Набережные Челны,30101810622029200000
049209767,"АО ""ИК БАНК""",Казань,30101810900000000000
049209778,"ГК ""АСВ"" - КУ ""АНКОР БАНК"" (АО)",Москва,30101810300000000000
049304735,"ГК АСВ Конкурсный управляющий АО БАНК ""НБТ""",Кызыл,30101810500000000000
049304738,"ТУВИНСКИЙ РФ АО ""РОССЕЛЬХОЗБАНК""",Кызыл,30101810400000000000
049401601,УДМУРТСКОЕ ОТДЕЛЕНИЕ N8618 ПАО СБЕРБАНК,Ижевск,30101810400000000000
049401710,"УДМУРТСКИЙ РФ АО ""РОССЕЛЬХОЗБАНК""",Ижевск,30101810100000000000
049401758,"ООО ПНКО ""ЭЛПЛАТ""",Ижевск,30103810822029400000
049401814,"ПАО ""БЫСТРОБАНК""",Ижевск,30101810200000000000
049401869,"КУ ОАО ""УРАЛЬСКИЙ ТРАСТОВЫЙ БАНК"" - ГК ""АСВ""",Ижевск,30101810200000000000
049401871,"АО ""Датабанк""",Ижевск,30101810900000000000
049514608,АБАКАНСКОЕ ОТДЕЛЕНИЕ N8602 ПАО СБЕРБАНК,Абакан,30101810500000000000
049514745,"ООО ""ХАКАССКИЙ МУНИЦИПАЛЬНЫЙ БАНК""",Абакан,30101810900000000000
049690719,"ЧЕЧЕНСКИЙ РФ АО ""РОССЕЛЬХОЗБАНК""",Грозный,30101810600000000000
049706609,ЧУВАШСКОЕ ОТДЕЛЕНИЕ N8613 ПАО СБЕРБАНК,Чебоксары,30101810300000000000
049706717,"ГК ""АСВ""-КУ КБ ""БДБ"" (ООО)",Самара,30101810700000000000
049706723,"КУ ООО КБ ""МЕГАПОЛИС"" - ГК ""АСВ""",Москва,30101810600000000000
049706725,"КУ АКБ ""ЧУВАШКРЕДИТПРОМБАНК"" ПАО - ГК ""АСВ""",Москва,30101810200000000000
049706749,"Ликвидационная комиссия КБ ""ОБР"" (ООО)",Чебоксары,30101810600000000000
049706752,"ЧУВАШСКИЙ РФ АО ""РОССЕЛЬХОЗБАНК""",Чебоксары,30101810600000000000
049805609,ЯКУТСКОЕ ОТДЕЛЕНИЕ N8603 ПАО СБЕРБАНК,Якутск,30101810400000000000
049805709,"КУ Банк ""Таатта"" АО - ГК ""АСВ""",Москва,30101810300000000000
049805770,"АКБ ""АЛМАЗЭРГИЭНБАНК"" АО",Якутск,30101810300000000000
049805771,"ЯКУТСКИЙ РФ АО ""РОССЕЛЬХОЗБАНК""",Якутск,30101810600000000000
